Region,Year,SurveyID,Lat,Lon,Depth,Habitat,Has_Photos
Dry Tortugas,2024,2000,24.64936,-83.06195,15.2,CONT_LR,Yes
Dry Tortugas,2024,2001,24.63688,-83.06643,16.3,CONT_LR,Yes
Dry Tortugas,2024,2002,24.6464,-83.03654,16.3,CONT_LR,Yes
Dry Tortugas,2024,2003,24.64235,-83.06243,16.5,CONT_LR,Yes
Dry Tortugas,2024,2004,24.6414,-83.07048,16.6,CONT_LR,Yes
Dry Tortugas,2024,2007,24.63026,-83.06066,16.9,CONT_LR,Yes
Dry Tortugas,2024,2008,24.61461,-83.07679,18.1,ISOL_LR,Yes
Dry Tortugas,2024,2009,24.60668,-83.06782,15.7,CONT_HR,Yes
Dry Tortugas,2024,2010,24.61339,-83.04932,21.8,ISOL_MR,Yes
Dry Tortugas,2024,2012,24.63976,-83.07747,16.3,CONT_LR,Yes
Dry Tortugas,2024,2013,24.64332,-83.03709,16.8,CONT_LR,Yes
Dry Tortugas,2024,2014,24.63339,-83.02834,17.2,CONT_LR,Yes
Dry Tortugas,2024,2016,24.63061,-83.08679,16,CONT_LR,Yes
Dry Tortugas,2024,2017,24.6111,-83.07629,14.8,CONT_MR,Yes
Dry Tortugas,2024,2019,24.60796,-83.0755,16.8,CONT_HR,Yes
Dry Tortugas,2024,2021,24.61948,-83.08982,17.1,CONT_LR,Yes
Dry Tortugas,2024,2022,24.62937,-83.07627,14,CONT_MR,Yes
Dry Tortugas,2024,2023,24.6397,-83.07939,16,CONT_LR,Yes
Dry Tortugas,2024,2024,24.61669,-83.04455,17.5,CONT_LR,Yes
Dry Tortugas,2024,2025,24.63004,-83.05684,14.6,CONT_LR,Yes
Dry Tortugas,2024,2026,24.61794,-83.08736,15.5,CONT_LR,Yes
Dry Tortugas,2024,2027,24.60613,-83.07569,16.3,CONT_HR,Yes
Dry Tortugas,2024,2028,24.61792,-83.06158,15.2,CONT_MR,Yes
Dry Tortugas,2024,2029,24.62892,-83.08097,14.9,CONT_LR,Yes
Dry Tortugas,2024,2031,24.6471,-83.07873,15.8,CONT_MR,Yes
Dry Tortugas,2024,2032,24.64118,-83.09041,18.7,CONT_HR,Yes
Dry Tortugas,2024,2033,24.62638,-83.09077,19.7,CONT_LR,Yes
Dry Tortugas,2024,2034,24.61064,-83.07427,15.5,CONT_LR,No
Dry Tortugas,2024,2035,24.59524,-83.04914,26.5,ISOL_LR,Yes
Dry Tortugas,2024,2036,24.63467,-83.10183,23.9,CONT_MR,Yes
Dry Tortugas,2024,2039,24.5938,-83.04662,27.1,CONT_LR,Yes
Dry Tortugas,2024,2040,24.59199,-83.0493,27.1,ISOL_LR,No
Dry Tortugas,2024,2041,24.64394,-83.02309,22.6,CONT_MR,Yes
Dry Tortugas,2024,2042,24.63954,-83.02167,25.1,ISOL_LR,Yes
Dry Tortugas,2024,2043,24.60544,-83.09229,24.7,CONT_MR,Yes
Dry Tortugas,2024,2045,24.62501,-83.09816,22.6,CONT_LR,Yes
Dry Tortugas,2024,2046,24.60901,-83.04129,23.2,CONT_MR,Yes
Dry Tortugas,2024,2047,24.58197,-83.05332,29.3,CONT_LR,Yes
Dry Tortugas,2024,2048,24.64446,-83.00502,29.3,CONT_LR,Yes
Dry Tortugas,2024,2049,24.62137,-83.09962,23.8,CONT_MR,Yes
Dry Tortugas,2024,2050,24.63926,-83.00994,29.9,ISOL_MR,Yes
Dry Tortugas,2024,2051,24.60025,-83.05598,23.8,CONT_MR,Yes
Dry Tortugas,2024,2052,24.64274,-83.01058,30,ISOL_HR,Yes
Dry Tortugas,2024,2054,24.63967,-83.01596,29.9,ISOL_LR,Yes
Dry Tortugas,2024,2055,24.64476,-83.01146,31.4,ISOL_HR,Yes
Dry Tortugas,2024,2058,24.63681,-83.02042,23.8,ISOL_HR,No
Dry Tortugas,2024,2059,24.64851,-83.01514,25.6,ISOL_HR,Yes
Dry Tortugas,2024,2060,24.662,-83.0378,18.6,CONT_LR,Yes
Dry Tortugas,2024,2061,24.66277,-83.0407,18,CONT_HR,Yes
Dry Tortugas,2024,2062,24.66025,-83.04532,18.1,CONT_LR,Yes
Dry Tortugas,2024,2063,24.69547,-82.99954,20.3,CONT_LR,Yes
Dry Tortugas,2024,2064,24.68151,-82.9992,21,CONT_MR,Yes
Dry Tortugas,2024,2065,24.65469,-83.06996,17.4,CONT_LR,Yes
Dry Tortugas,2024,2066,24.65928,-83.08841,21.6,CONT_MR,Yes
Dry Tortugas,2024,2067,24.66614,-83.044,18.9,CONT_MR,No
Dry Tortugas,2024,2068,24.67729,-83.05457,18.9,CONT_LR,Yes
Dry Tortugas,2024,2069,24.6783,-83.04508,20,CONT_LR,Yes
Dry Tortugas,2024,2072,24.66353,-83.0437,19,CONT_LR,Yes
Dry Tortugas,2024,2073,24.65024,-83.06101,16.2,CONT_LR,Yes
Dry Tortugas,2024,2074,24.69765,-83.05308,19.8,CONT_HR,Yes
Dry Tortugas,2024,2075,24.66413,-83.0923,20.6,CONT_HR,Yes
Dry Tortugas,2024,2076,24.69864,-83.0368,20.9,CONT_HR,Yes
Dry Tortugas,2024,2077,24.67082,-83.07449,20.3,CONT_LR,Yes
Dry Tortugas,2024,2078,24.65531,-83.0971,20.9,CONT_MR,Yes
Dry Tortugas,2024,2079,24.71652,-82.98555,17.2,CONT_MR,Yes
Dry Tortugas,2024,2080,24.66777,-83.06812,19,CONT_MR,Yes
Dry Tortugas,2024,2081,24.65621,-83.08025,17.7,CONT_HR,Yes
Dry Tortugas,2024,2082,24.66395,-83.07063,17.5,CONT_MR,No
Dry Tortugas,2024,2084,24.68205,-83.07178,17.8,CONT_HR,Yes
Dry Tortugas,2024,2088,24.65215,-83.05645,15.2,CONT_LR,Yes
Dry Tortugas,2024,2089,24.67911,-83.03746,16.8,ISOL_HR,Yes
Dry Tortugas,2024,2090,24.71009,-82.99691,16.5,CONT_HR,Yes
Dry Tortugas,2024,2091,24.65818,-83.09275,21.6,CONT_MR,Yes
Dry Tortugas,2024,2092,24.67017,-83.0552,17.4,CONT_MR,Yes
Dry Tortugas,2024,2093,24.67818,-83.06245,18.4,ISOL_HR,Yes
Dry Tortugas,2024,2094,24.71643,-82.98655,17.7,CONT_MR,Yes
Dry Tortugas,2024,2095,24.70092,-83.04469,21.2,CONT_HR,Yes
Dry Tortugas,2024,2096,24.65457,-83.08039,17.2,CONT_LR,Yes
Dry Tortugas,2024,2097,24.68464,-83.05023,22.1,CONT_HR,Yes
Dry Tortugas,2024,2098,24.67426,-83.08356,20.7,CONT_HR,Yes
Dry Tortugas,2024,2099,24.66547,-83.00383,21.6,CONT_HR,Yes
Dry Tortugas,2024,2101,24.66953,-83.07412,20.9,CONT_HR,Yes
Dry Tortugas,2024,2103,24.65485,-83.09505,21.9,CONT_MR,Yes
Dry Tortugas,2024,2104,24.67161,-83.08298,21.3,CONT_MR,Yes
Dry Tortugas,2024,2105,24.69812,-83.04278,22.1,CONT_HR,Yes
Dry Tortugas,2024,2106,24.65514,-83.09502,21.3,CONT_HR,Yes
Dry Tortugas,2024,2107,24.67726,-83.05456,18.1,CONT_MR,Yes
Dry Tortugas,2024,2109,24.67504,-83.05844,19.5,CONT_MR,No
Dry Tortugas,2024,2110,24.67954,-83.06533,21.3,CONT_HR,Yes
Dry Tortugas,2024,2111,24.67978,-83.07119,19.8,CONT_HR,Yes
Dry Tortugas,2024,2112,24.6589,-83.08213,19.5,ISOL_HR,Yes
Dry Tortugas,2024,2113,24.69933,-83.04607,20.6,CONT_HR,Yes
Dry Tortugas,2024,2114,24.68959,-83.00714,25.3,ISOL_MR,Yes
Dry Tortugas,2024,2115,24.67536,-83.01129,23.6,CONT_HR,Yes
Dry Tortugas,2024,2116,24.68723,-83.02704,24.8,ISOL_LR,Yes
Dry Tortugas,2024,2117,24.6843,-83.03126,19.2,ISOL_HR,Yes
Dry Tortugas,2024,2118,24.68506,-83.00168,22.6,CONT_LR,Yes
Dry Tortugas,2024,2119,24.69307,-82.98072,27.4,ISOL_MR,Yes
Dry Tortugas,2024,2120,24.69425,-83.00973,23.2,CONT_MR,Yes
Dry Tortugas,2024,2121,24.67438,-82.98422,25.9,CONT_HR,Yes
Dry Tortugas,2024,2123,24.70376,-83.02914,28,CONT_HR,Yes
Dry Tortugas,2024,2124,24.70247,-83.01939,28.7,CONT_MR,Yes
Dry Tortugas,2024,2125,24.68057,-82.98925,26.4,ISOL_HR,Yes
Dry Tortugas,2024,2126,24.68663,-83.05725,22.7,CONT_MR,Yes
Dry Tortugas,2024,2127,24.70897,-83.03682,26.2,CONT_HR,Yes
Dry Tortugas,2024,2128,24.68256,-83.00055,22.6,CONT_HR,Yes
Dry Tortugas,2024,2129,24.70413,-83.03823,25.6,CONT_HR,Yes
Dry Tortugas,2024,2130,24.65033,-83.01863,25.9,ISOL_HR,Yes
Dry Tortugas,2024,2131,24.65134,-83.01834,24.1,ISOL_HR,Yes
Dry Tortugas,2024,2132,24.65603,-83.00115,28.2,CONT_HR,Yes
Dry Tortugas,2024,2133,24.72028,-82.97914,23.5,CONT_HR,Yes
Dry Tortugas,2024,2134,24.69358,-83.00158,23.2,CONT_MR,Yes
Dry Tortugas,2024,2135,24.68803,-83.07119,25.1,CONT_HR,No
Dry Tortugas,2024,2136,24.69231,-83.01185,23.2,CONT_HR,Yes
Dry Tortugas,2024,2137,24.72005,-82.98084,21,CONT_HR,Yes
Dry Tortugas,2024,2138,24.68313,-82.98157,26.1,CONT_LR,Yes
Dry Tortugas,2024,2139,24.65364,-83.00007,29.6,ISOL_HR,Yes
Dry Tortugas,2024,2142,24.68677,-83.0519,22.9,CONT_HR,Yes
Dry Tortugas,2024,2143,24.69297,-83.0583,21.6,CONT_HR,Yes
Dry Tortugas,2024,2144,24.66042,-83.00543,25.5,CONT_HR,No
Dry Tortugas,2024,2145,24.65841,-83.00851,24.1,CONT_HR,Yes
Dry Tortugas,2024,2147,24.64892,-83.01602,25.6,ISOL_HR,No
Dry Tortugas,2024,2149,24.66779,-82.99497,23.3,CONT_HR,No
Dry Tortugas,2024,2150,24.70697,-83.00728,29,CONT_HR,No
Dry Tortugas,2024,2151,24.67733,-82.99154,26.4,ISOL_HR,Yes
Dry Tortugas,2024,2152,24.68865,-83.02388,24.5,ISOL_HR,No
Dry Tortugas,2024,2153,24.67855,-83.03609,22.4,ISOL_HR,Yes
Dry Tortugas,2024,2154,24.69423,-83.06094,25.1,CONT_HR,Yes
Dry Tortugas,2024,2155,24.70769,-83.04238,23.2,CONT_HR,Yes
Dry Tortugas,2024,2156,24.71209,-82.85574,10.4,CONT_MR,Yes
Dry Tortugas,2024,2157,24.59196,-82.88814,6.4,CONT_LR,Yes
Dry Tortugas,2024,2159,24.59715,-82.87506,6.9,CONT_MR,Yes
Dry Tortugas,2024,2161,24.59628,-82.90736,9.8,ISOL_MR,Yes
Dry Tortugas,2024,2162,24.58615,-82.89969,7.9,CONT_MR,No
Dry Tortugas,2024,2172,24.67648,-82.78402,10.2,CONT_LR,Yes
Dry Tortugas,2024,2173,24.64028,-82.81375,6.7,CONT_HR,Yes
Dry Tortugas,2024,2176,24.67517,-82.8259,8.1,ISOL_LR,Yes
Dry Tortugas,2024,2179,24.62483,-82.94996,7.3,SPGR_LR,Yes
Dry Tortugas,2024,2180,24.63544,-82.93714,9.1,SPGR_HR,Yes
Dry Tortugas,2024,2181,24.70924,-82.84184,4.3,CONT_LR,Yes
Dry Tortugas,2024,2182,24.67839,-82.90472,8.8,CONT_LR,Yes
Dry Tortugas,2024,2183,24.61868,-82.92328,12.5,ISOL_HR,Yes
Dry Tortugas,2024,2185,24.71694,-82.83573,9.4,SPGR_HR,Yes
Dry Tortugas,2024,2187,24.66427,-82.91438,4.9,CONT_LR,Yes
Dry Tortugas,2024,2188,24.65716,-82.8684,7.5,ISOL_HR,Yes
Dry Tortugas,2024,2189,24.657,-82.85043,9.8,ISOL_LR,Yes
Dry Tortugas,2024,2190,24.68528,-82.78526,5.8,CONT_LR,Yes
Dry Tortugas,2024,2192,24.59381,-82.89135,6.4,CONT_MR,Yes
Dry Tortugas,2024,2193,24.69909,-82.85355,5.2,ISOL_LR,Yes
Dry Tortugas,2024,2194,24.55798,-82.92446,16.2,CONT_HR,No
Dry Tortugas,2024,2195,24.55957,-82.92266,14.8,CONT_MR,Yes
Dry Tortugas,2024,2197,24.63837,-82.85954,12.6,ISOL_HR,Yes
Dry Tortugas,2024,2198,24.6682,-82.88688,8.2,ISOL_HR,Yes
Dry Tortugas,2024,2199,24.6532,-82.8552,6.2,ISOL_LR,No
Dry Tortugas,2024,2202,24.6164,-82.98131,20,ISOL_MR,No
Dry Tortugas,2024,2203,24.61613,-82.97837,17.1,CONT_LR,Yes
Dry Tortugas,2024,2204,24.56068,-82.9277,13.1,ISOL_LR,Yes
Dry Tortugas,2024,2205,24.56491,-82.92802,14,ISOL_LR,Yes
Dry Tortugas,2024,2206,24.56913,-82.97004,18,CONT_LR,Yes
Dry Tortugas,2024,2207,24.60084,-82.98623,18,CONT_LR,Yes
Dry Tortugas,2024,2208,24.57345,-82.97403,16.9,CONT_MR,Yes
Dry Tortugas,2024,2209,24.71691,-82.78087,18.4,CONT_LR,Yes
Dry Tortugas,2024,2211,24.60431,-82.96969,17.1,CONT_HR,Yes
Dry Tortugas,2024,2212,24.61135,-82.97314,14.3,CONT_LR,Yes
Dry Tortugas,2024,2213,24.61328,-82.97451,14.5,CONT_LR,Yes
Dry Tortugas,2024,2214,24.56556,-82.9689,19.8,CONT_LR,Yes
Dry Tortugas,2024,2216,24.61965,-82.96313,14.6,CONT_LR,Yes
Dry Tortugas,2024,2220,24.70155,-82.92327,17.4,CONT_LR,Yes
Dry Tortugas,2024,2221,24.66888,-82.778,13.6,CONT_LR,Yes
Dry Tortugas,2024,2222,24.69441,-82.93103,15.4,CONT_LR,Yes
Dry Tortugas,2024,2223,24.71926,-82.8628,15.7,CONT_LR,Yes
Dry Tortugas,2024,2224,24.71701,-82.85831,13.7,CONT_HR,Yes
Dry Tortugas,2024,2225,24.64402,-82.94398,15.4,CONT_MR,No
Dry Tortugas,2024,2226,24.63489,-82.94253,16,CONT_HR,Yes
Dry Tortugas,2024,2228,24.7189,-82.79402,11.9,CONT_LR,Yes
Dry Tortugas,2024,2229,24.70755,-82.89979,15.7,CONT_LR,No
Dry Tortugas,2024,2230,24.64732,-82.78682,16.3,SPGR_HR,Yes
Dry Tortugas,2024,2231,24.63741,-82.81525,10.2,ISOL_HR,Yes
Dry Tortugas,2024,2232,24.56664,-82.93065,12.6,CONT_LR,Yes
Dry Tortugas,2024,2233,24.62393,-82.85646,23.6,ISOL_MR,Yes
Dry Tortugas,2024,2234,24.67462,-82.78223,12.5,CONT_HR,No
Dry Tortugas,2024,2235,24.64128,-82.85434,17.8,ISOL_LR,Yes
Dry Tortugas,2024,2236,24.71823,-82.85639,13.7,CONT_HR,Yes
Dry Tortugas,2024,2237,24.6735,-82.82264,11.4,ISOL_LR,Yes
Dry Tortugas,2024,2240,24.6697,-82.781720000000007,11.6,CONT_MR,Yes
Dry Tortugas,2024,2241,24.59724,-82.94953,16,ISOL_MR,Yes
Dry Tortugas,2024,2242,24.71832,-82.78548,14.3,CONT_MR,Yes
Dry Tortugas,2024,2243,24.65188,-82.78228,16,CONT_LR,Yes
Dry Tortugas,2024,2244,24.65069,-82.85659,9.9,ISOL_HR,Yes
Dry Tortugas,2024,2245,24.69449,-82.92943,15.8,CONT_LR,Yes
Dry Tortugas,2024,2246,24.62135,-82.96071,13.9,CONT_LR,Yes
Dry Tortugas,2024,2249,24.63204,-82.84828,17.1,ISOL_MR,Yes
Dry Tortugas,2024,2250,24.63262,-82.90688,8.4,CONT_HR,Yes
Dry Tortugas,2024,2251,24.72527,-82.80672,16,ISOL_LR,Yes
Dry Tortugas,2024,2252,24.60636,-82.93307,13.9,ISOL_HR,Yes
Dry Tortugas,2024,2253,24.6757,-82.82165,7.2,ISOL_LR,Yes
Dry Tortugas,2024,2254,24.69304,-82.90352,10.8,CONT_LR,Yes
Dry Tortugas,2024,2255,24.60451,-82.94081,15.1,ISOL_HR,Yes
Dry Tortugas,2024,2256,24.58782,-82.96259,15.2,CONT_MR,Yes
Dry Tortugas,2024,2257,24.72621,-82.80545,16.9,CONT_MR,Yes
Dry Tortugas,2024,2259,24.69973,-82.92207,16.9,CONT_LR,Yes
Dry Tortugas,2024,2260,24.60911,-82.94438,11.4,ISOL_HR,Yes
Dry Tortugas,2024,2261,24.56848,-82.97315,23.2,ISOL_MR,No
Dry Tortugas,2024,2262,24.57125,-82.97324,17.1,CONT_LR,Yes
Dry Tortugas,2024,2263,24.63846,-82.96751,20.1,CONT_HR,Yes
Dry Tortugas,2024,2264,24.57574,-82.9773,15.7,CONT_MR,Yes
Dry Tortugas,2024,2265,24.72364,-82.78947,14.8,CONT_HR,Yes
Dry Tortugas,2024,2266,24.59822,-82.99538,22.9,CONT_MR,Yes
Dry Tortugas,2024,2267,24.56263,-82.91445,13.4,CONT_MR,Yes
Dry Tortugas,2024,2268,24.72042,-82.79017,13.1,CONT_HR,Yes
Dry Tortugas,2024,2269,24.66243,-82.8383,13.1,CONT_LR,Yes
Dry Tortugas,2024,2270,24.6079,-82.95832,11.6,CONT_MR,Yes
Dry Tortugas,2024,2271,24.58289,-82.96504,14.3,CONT_HR,Yes
Dry Tortugas,2024,2274,24.71068,-82.8713,11.9,CONT_HR,Yes
Dry Tortugas,2024,2275,24.70975,-82.87823,11.9,CONT_HR,Yes
Dry Tortugas,2024,2276,24.71068,-82.87381,11.6,CONT_HR,Yes
Dry Tortugas,2024,2277,24.6415,-82.85607,14.8,ISOL_HR,Yes
Dry Tortugas,2024,2278,24.60899,-82.93319,15.4,ISOL_HR,Yes
Dry Tortugas,2024,2279,24.64949,-82.930179999999993,12,CONT_HR,Yes
Dry Tortugas,2024,2280,24.66087,-82.84946,12.3,CONT_HR,Yes
Dry Tortugas,2024,2281,24.62036,-82.91884,15.2,CONT_MR,Yes
Dry Tortugas,2024,2282,24.60704,-82.93094,11.1,CONT_HR,Yes
Dry Tortugas,2024,2284,24.60697,-82.94245,13.9,ISOL_HR,Yes
Dry Tortugas,2024,2285,24.72024,-82.86146,14.3,CONT_HR,Yes
Dry Tortugas,2024,2286,24.64775,-82.93692,13,CONT_HR,Yes
Dry Tortugas,2024,2289,24.69635,-82.83507,10.7,CONT_LR,Yes
Dry Tortugas,2024,2290,24.70274,-82.88694,13.6,CONT_LR,Yes
Dry Tortugas,2024,2291,24.69918,-82.88366,11.3,CONT_HR,Yes
Dry Tortugas,2024,2292,24.64488,-82.9331,13.3,CONT_MR,Yes
Dry Tortugas,2024,2294,24.71266,-82.87115,12.3,CONT_MR,No
Dry Tortugas,2024,2295,24.60483,-82.94232,15.7,ISOL_HR,Yes
Dry Tortugas,2024,2296,24.68038,-82.78273,11,CONT_HR,Yes
Dry Tortugas,2024,2297,24.5437,-82.94419,23.3,CONT_LR,No
Dry Tortugas,2024,2299,24.5596,-82.94231,20.4,ISOL_MR,Yes
Dry Tortugas,2024,2305,24.71772,-82.7786,20,CONT_LR,Yes
Dry Tortugas,2024,2307,24.66143,-82.9309,19.5,CONT_HR,Yes
Dry Tortugas,2024,2309,24.72279,-82.82274,16.6,CONT_HR,Yes
Dry Tortugas,2024,2310,24.6822,-82.82163,9.6,CONT_LR,Yes
Dry Tortugas,2024,2312,24.72029,-82.87732,20.1,CONT_HR,Yes
Dry Tortugas,2024,2313,24.70134,-82.9278,19,CONT_HR,Yes
Dry Tortugas,2024,2314,24.70697,-82.91816,22.6,CONT_HR,Yes
Dry Tortugas,2024,2315,24.65481,-82.94091,18.4,CONT_HR,Yes
Dry Tortugas,2024,2316,24.71304,-82.9004,19.5,CONT_HR,Yes
Dry Tortugas,2024,2317,24.57365,-82.90422,22.1,CONT_HR,Yes
Dry Tortugas,2024,2318,24.6268,-82.9096,5.5,ISOL_LR,Yes
Dry Tortugas,2024,2319,24.6285,-82.96954,21.6,ISOL_HR,Yes
Dry Tortugas,2024,2322,24.56229,-82.95215,22.3,ISOL_LR,Yes
Dry Tortugas,2024,2323,24.62825,-82.97812,30.2,ISOL_LR,No
Dry Tortugas,2024,2325,24.56106,-82.96353,17.8,CONT_LR,Yes
Dry Tortugas,2024,2326,24.65153,-82.95778,21.9,CONT_MR,Yes
Dry Tortugas,2024,2327,24.56029,-82.99412,27.7,ISOL_HR,Yes
Dry Tortugas,2024,2328,24.60537,-82.9951,26.1,ISOL_MR,Yes
Dry Tortugas,2024,2329,24.60815,-82.99398,26.5,CONT_HR,No
Dry Tortugas,2024,2331,24.56626,-82.98325,25.8,ISOL_MR,Yes
Dry Tortugas,2024,2332,24.60049,-82.99602,23.8,CONT_LR,Yes
Dry Tortugas,2024,2333,24.56749,-82.98027,24.1,ISOL_HR,Yes
Dry Tortugas,2024,2334,24.5629,-82.99413,26.7,ISOL_MR,Yes
Dry Tortugas,2024,2335,24.64023,-82.96657,23,ISOL_HR,Yes
Dry Tortugas,2024,2336,24.58295,-82.88772,22.7,CONT_HR,No
Dry Tortugas,2024,2337,24.72378,-82.77948,18.7,CONT_MR,Yes
Dry Tortugas,2024,2338,24.72254,-82.77417,27.1,ISOL_LR,Yes
Dry Tortugas,2024,2339,24.55127,-82.96011,22.3,ISOL_LR,Yes
Dry Tortugas,2024,2340,24.55968,-82.96657,24.2,ISOL_LR,Yes
Dry Tortugas,2024,2341,24.72199,-82.77657,21.6,CONT_LR,Yes
Dry Tortugas,2024,2342,24.63147,-82.78625,26.7,CONT_LR,Yes
Dry Tortugas,2024,2343,24.70577,-82.77311,21,CONT_HR,Yes
Dry Tortugas,2024,2345,24.56804,-82.9618,22.1,ISOL_LR,Yes
Dry Tortugas,2024,2346,24.5724,-82.89725,23.5,ISOL_HR,Yes
Dry Tortugas,2024,2347,24.62118,-82.82063,27.3,ISOL_HR,Yes
Dry Tortugas,2024,2348,24.642,-82.96166,23.6,ISOL_HR,Yes
Dry Tortugas,2024,2349,24.62308,-82.96396,20,ISOL_HR,Yes
Dry Tortugas,2024,2350,24.57088,-82.96353,22.3,ISOL_HR,Yes
Dry Tortugas,2024,2351,24.62234,-82.85937,20.7,SPGR_HR,Yes
Dry Tortugas,2024,2352,24.57227,-82.89754,25.5,CONT_HR,Yes
Dry Tortugas,2024,2353,24.72336,-82.84954,25.5,CONT_MR,No
Dry Tortugas,2024,2354,24.62316,-82.81721,23.6,ISOL_LR,Yes
Dry Tortugas,2024,2355,24.72084,-82.87538,25.5,CONT_MR,Yes
Dry Tortugas,2024,2356,24.70432,-82.77252,21,CONT_HR,Yes
Dry Tortugas,2024,2357,24.68493,-82.77254,21.3,CONT_LR,Yes
Dry Tortugas,2024,2358,24.63794,-82.96564,25.9,ISOL_MR,Yes
Dry Tortugas,2024,2359,24.62677,-82.81064,22.6,CONT_HR,Yes
Dry Tortugas,2024,2361,24.64839,-83.07836,16.5,CONT_LR,Yes
Dry Tortugas,2024,2363,24.63638,-83.03326,16.5,CONT_LR,Yes
Dry Tortugas,2024,2368,24.6311,-83.06187,16.6,CONT_LR,Yes
Dry Tortugas,2024,2374,24.64016,-83.07454,16,CONT_LR,Yes
Dry Tortugas,2024,2378,24.63098,-83.08864,17.5,CONT_LR,Yes
Dry Tortugas,2024,2381,24.62709,-83.0928,20.9,CONT_MR,Yes
Dry Tortugas,2024,2382,24.62008,-83.06007,13.9,CONT_LR,Yes
Dry Tortugas,2024,2384,24.62056,-83.06259,14.9,CONT_LR,Yes
Dry Tortugas,2024,2389,24.62881,-83.07878,14,CONT_LR,Yes
Dry Tortugas,2024,2391,24.61748,-83.09097,18.1,CONT_LR,Yes
Dry Tortugas,2024,2397,24.60963,-83.0359,28.8,ISOL_LR,Yes
Dry Tortugas,2024,2398,24.60549,-83.06342,20.7,CONT_MR,No
Dry Tortugas,2024,2402,24.63595,-83.02572,19.4,CONT_MR,Yes
Dry Tortugas,2024,2405,24.60544,-83.09229,24.7,CONT_LR,Yes
Dry Tortugas,2024,2408,24.59935,-83.04867,27.4,ISOL_MR,Yes
Dry Tortugas,2024,2410,24.6453,-83.01316,27.6,ISOL_HR,Yes
Dry Tortugas,2024,2411,24.64467,-83.00982,30.8,ISOL_HR,Yes
Dry Tortugas,2024,2412,24.63789,-83.01546,29.7,ISOL_HR,No
Dry Tortugas,2024,2414,24.62438,-83.10216,26.1,CONT_HR,Yes
Dry Tortugas,2024,2415,24.64149,-83.00821,29.9,ISOL_MR,Yes
Dry Tortugas,2024,2416,24.61034,-83.03595,27.6,ISOL_HR,Yes
Dry Tortugas,2024,2417,24.60063,-83.04606,23.2,CONT_HR,Yes
Dry Tortugas,2024,2434,24.65929,-83.09499,21.3,CONT_HR,Yes
Dry Tortugas,2024,2435,24.65831,-83.09699,21.5,CONT_HR,Yes
Dry Tortugas,2024,2436,24.65551,-83.08365,17.4,CONT_LR,Yes
Dry Tortugas,2024,2446,24.66433,-83.09015,20,CONT_LR,Yes
Dry Tortugas,2024,2450,24.70855,-82.99681,15.2,CONT_MR,Yes
Dry Tortugas,2024,2465,24.69184,-83.05632,21.3,CONT_MR,Yes
Dry Tortugas,2024,2466,24.6986,-83.04809,19.4,CONT_HR,No
Dry Tortugas,2024,2467,24.6745,-83.01202,20.7,CONT_HR,Yes
Dry Tortugas,2024,2468,24.65058,-83.02308,22.3,CONT_LR,Yes
Dry Tortugas,2024,2471,24.67951,-83.06468,22.6,CONT_HR,Yes
Dry Tortugas,2024,2473,24.67941,-83.05537,21.3,ISOL_MR,Yes
Dry Tortugas,2024,2476,24.65565,-82.9923,30.2,ISOL_HR,No
Dry Tortugas,2024,2477,24.69074,-83.01059,23.5,CONT_LR,Yes
Dry Tortugas,2024,2479,24.69165,-82.98283,29,ISOL_HR,Yes
Dry Tortugas,2024,2480,24.68338,-82.99122,26.7,ISOL_LR,Yes
Dry Tortugas,2024,2484,24.65719,-83.00094,24.7,CONT_HR,Yes
Dry Tortugas,2024,2489,24.71,-83.04294,24.1,CONT_HR,Yes
Dry Tortugas,2024,2490,24.67783,-83.03757,18.4,CONT_HR,Yes
Dry Tortugas,2024,2493,24.65335,-83.01526,27.4,ISOL_HR,Yes
Dry Tortugas,2024,2497,24.67501,-82.992679999999993,24.7,CONT_HR,Yes
Dry Tortugas,2024,2498,24.69763,-83.00035,23.8,CONT_MR,Yes
Dry Tortugas,2024,2499,24.68676,-83.05888,22.4,CONT_HR,No
Dry Tortugas,2024,2506,24.71179,-83.03599,25.5,CONT_HR,Yes
Dry Tortugas,2024,2508,24.71364,-83.03758,25.8,CONT_HR,No
Dry Tortugas,2024,2509,24.65145,-83.01559,25.6,ISOL_HR,Yes
Dry Tortugas,2024,2514,24.65548,-82.99378,26.4,CONT_HR,Yes
Dry Tortugas,2024,2515,24.70647,-83.03182,28,CONT_HR,Yes
Dry Tortugas,2024,2518,24.65945,-82.80251,8.5,CONT_HR,Yes
Dry Tortugas,2024,2520,24.58959,-82.89448,10.7,CONT_LR,Yes
Dry Tortugas,2024,2521,24.59464,-82.87217,5.9,CONT_MR,Yes
Dry Tortugas,2024,2531,24.6559,-82.8475,6.2,CONT_HR,Yes
Dry Tortugas,2024,2532,24.71095,-82.79425,10.7,CONT_MR,Yes
Dry Tortugas,2024,2533,24.6969,-82.83084,4.6,ISOL_LR,No
Dry Tortugas,2024,2534,24.63271,-82.85857,10.1,SPGR_LR,Yes
Dry Tortugas,2024,2539,24.64697,-82.87289,7.8,ISOL_LR,Yes
Dry Tortugas,2024,2540,24.70622,-82.78642,8.8,CONT_MR,Yes
Dry Tortugas,2024,2543,24.64005,-82.92714,8.8,SPGR_LR,Yes
Dry Tortugas,2024,2546,24.71793,-82.83744,10.8,SPGR_MR,Yes
Dry Tortugas,2024,2548,24.71218,-82.86566,9.1,CONT_HR,Yes
Dry Tortugas,2024,2550,24.6374,-82.93587,9.4,SPGR_HR,Yes
Dry Tortugas,2024,2551,24.70969,-82.87428,10.5,CONT_MR,Yes
Dry Tortugas,2024,2557,24.63953,-82.82033,9.4,CONT_HR,Yes
Dry Tortugas,2024,2560,24.63714,-82.81912,10.7,ISOL_HR,Yes
Dry Tortugas,2024,2561,24.64132,-82.81859,14,ISOL_LR,No
Dry Tortugas,2024,2564,24.72981,-82.78678,18.6,CONT_LR,Yes
Dry Tortugas,2024,2571,24.73061,-82.78838,17.5,CONT_HR,Yes
Dry Tortugas,2024,2576,24.63124,-82.84997,17.1,ISOL_MR,Yes
Dry Tortugas,2024,2577,24.66843,-82.78096,10.8,ISOL_LR,Yes
Dry Tortugas,2024,2579,24.70022,-82.8915,12.5,CONT_MR,Yes
Dry Tortugas,2024,2580,24.653,-82.94352,14.5,CONT_HR,No
Dry Tortugas,2024,2585,24.71376,-82.86741,11.6,CONT_MR,Yes
Dry Tortugas,2024,2588,24.70804,-82.87808,11,CONT_HR,No
Dry Tortugas,2024,2591,24.63652,-82.81759,12.2,ISOL_LR,Yes
Dry Tortugas,2024,2593,24.68074,-82.82038,9.4,ISOL_LR,Yes
Dry Tortugas,2024,2594,24.59566,-82.95084,13.9,ISOL_HR,Yes
Dry Tortugas,2024,2595,24.71172,-82.89147,15.4,CONT_HR,Yes
Dry Tortugas,2024,2601,24.58504,-82.9667,14.3,CONT_LR,Yes
Dry Tortugas,2024,2602,24.57012,-82.91604,14.5,CONT_MR,Yes
Dry Tortugas,2024,2604,24.70552,-82.91839,17.4,CONT_LR,Yes
Dry Tortugas,2024,2605,24.67591,-82.78304,11.1,CONT_MR,Yes
Dry Tortugas,2024,2606,24.57388,-82.91385,13,SPGR_HR,Yes
Dry Tortugas,2024,2607,24.65935,-82.78142,12.5,CONT_MR,Yes
Dry Tortugas,2024,2609,24.68598,-82.91889,15.2,CONT_MR,Yes
Dry Tortugas,2024,2611,24.69313,-82.91822,16.6,CONT_HR,Yes
Dry Tortugas,2024,2612,24.71316,-82.89577,17.1,CONT_MR,Yes
Dry Tortugas,2024,2613,24.72836,-82.79792,17.1,CONT_MR,Yes
Dry Tortugas,2024,2614,24.69938,-82.89627,12.8,CONT_LR,Yes
Dry Tortugas,2024,2616,24.63621,-82.94086,14.6,CONT_HR,Yes
Dry Tortugas,2024,2621,24.72135,-82.79172,12.8,CONT_HR,Yes
Dry Tortugas,2024,2622,24.72834,-82.79474,17.1,CONT_MR,Yes
Dry Tortugas,2024,2623,24.72962,-82.79067,17.7,CONT_LR,Yes
Dry Tortugas,2024,2630,24.72228,-82.82037,15.8,CONT_HR,Yes
Dry Tortugas,2024,2631,24.7208,-82.83517,11.4,SPGR_HR,Yes
Dry Tortugas,2024,2632,24.66214,-82.9318,16,CONT_HR,Yes
Dry Tortugas,2024,2636,24.66565,-82.86375,12.5,ISOL_HR,No
Dry Tortugas,2024,2637,24.72325,-82.82573,19.2,CONT_HR,Yes
Dry Tortugas,2024,2638,24.70585,-82.89528,14.3,CONT_MR,Yes
Dry Tortugas,2024,2640,24.6479,-82.78285,20.7,CONT_MR,Yes
Dry Tortugas,2024,2641,24.69352,-82.91299,12.8,CONT_LR,Yes
Dry Tortugas,2024,2644,24.66207,-82.78098,14.2,ISOL_LR,Yes
Dry Tortugas,2024,2645,24.72479,-82.7993,14.2,CONT_HR,Yes
Dry Tortugas,2024,2646,24.65055,-82.93048,12.8,CONT_MR,Yes
Dry Tortugas,2024,2647,24.64259,-82.94325,14.9,CONT_MR,Yes
Dry Tortugas,2024,2649,24.71802,-82.85431,13.4,CONT_MR,Yes
Dry Tortugas,2024,2651,24.719,-82.8543,13.1,CONT_MR,Yes
Dry Tortugas,2024,2652,24.69035,-82.91719,14.6,CONT_HR,Yes
Dry Tortugas,2024,2657,24.55665,-82.94099,20.6,ISOL_LR,No
Dry Tortugas,2024,2660,24.73084,-82.78537,19.2,CONT_MR,Yes
Dry Tortugas,2024,2661,24.55879,-82.93687,15.1,CONT_HR,Yes
Dry Tortugas,2024,2665,24.71872,-82.78255,15.4,CONT_MR,Yes
Dry Tortugas,2024,2668,24.68723,-82.77288,16,ISOL_LR,Yes
Dry Tortugas,2024,2671,24.66033,-82.93477,20.1,CONT_HR,Yes
Dry Tortugas,2024,2674,24.69946,-82.92949,18.3,CONT_HR,Yes
Dry Tortugas,2024,2677,24.72455,-82.82084,21.8,CONT_HR,Yes
Dry Tortugas,2024,2686,24.65306,-82.95586,24.1,CONT_HR,Yes
Dry Tortugas,2024,2689,24.62175,-82.98663,30.3,ISOL_MR,No
Dry Tortugas,2024,2693,24.60553,-82.99562,27.7,CONT_HR,Yes
Dry Tortugas,2024,2698,24.72219,-82.77873,19.8,CONT_LR,Yes
Dry Tortugas,2024,2704,24.71362,-82.77559,22.1,CONT_LR,Yes
Dry Tortugas,2024,2705,24.64352,-82.78771,18.1,CONT_LR,Yes
Dry Tortugas,2024,2711,24.68293,-82.77352,24.4,ISOL_LR,Yes
Dry Tortugas,2024,2713,24.62982,-82.91113,17.5,ISOL_LR,No
Dry Tortugas,2024,2715,24.65357,-82.95345,23.3,CONT_HR,Yes
Dry Tortugas,2024,2719,24.72647,-82.8239,25.9,ISOL_MR,No
Dry Tortugas,2024,2720,24.65689,-83.00803,25.6,CONT_MR,Yes
Dry Tortugas,2024,2721,24.69531,-83.01929,25.3,ISOL_HR,Yes
Dry Tortugas,2024,2722,24.69325,-83.02203,22.9,CONT_MR,Yes
Dry Tortugas,2024,2723,24.69443,-82.98192,28.7,CONT_LR,Yes
Dry Tortugas,2024,2725,24.69623,-83.00163,22.3,CONT_MR,Yes
Dry Tortugas,2024,2726,24.65226,-82.95724,26.8,CONT_HR,Yes
Dry Tortugas,2024,2738,24.6066,-82.9787,16.8,CONT_LR,Yes
Dry Tortugas,2024,2739,24.59014,-82.97661,14.9,ISOL_LR,Yes
Dry Tortugas,2024,2740,24.59309,-82.98398,19.7,ISOL_LR,Yes
Dry Tortugas,2024,2741,24.54601,-82.93171,20.6,CONT_HR,Yes
Dry Tortugas,2024,2743,24.54684,-82.95454,18.9,CONT_MR,Yes
Dry Tortugas,2024,2744,24.55265,-82.93394,18.6,CONT_MR,Yes
Dry Tortugas,2024,2748,24.56504,-82.97815,25.6,ISOL_LR,Yes
Dry Tortugas,2024,2749,24.60357,-82.9962,27.4,ISOL_MR,Yes
Dry Tortugas,2024,2750,24.56243,-82.97939,24.8,ISOL_MR,Yes
Dry Tortugas,2024,2751,24.6067,-82.9948,28.5,ISOL_MR,Yes
Dry Tortugas,2024,2752,24.60732,-82.99383,25.5,ISOL_MR,Yes
Dry Tortugas,2024,2753,24.56524,-82.97442,23.6,ISOL_HR,Yes
Dry Tortugas,2024,2755,24.54972,-82.96243,23.5,ISOL_MR,Yes
Dry Tortugas,2024,2757,24.59359,-82.98225,19.4,ISOL_LR,Yes
Dry Tortugas,2024,2758,24.59738,-82.97382,16.3,ISOL_LR,No
Dry Tortugas,2024,2759,24.56745,-82.97171,22.3,ISOL_MR,Yes
Dry Tortugas,2024,2760,24.54939,-82.93076,18.1,CONT_HR,Yes
Dry Tortugas,2024,2761,24.54858,-82.95601,20.9,CONT_HR,Yes
Dry Tortugas,2024,2762,24.54804,-82.94531,22.1,ISOL_HR,Yes
Dry Tortugas,2024,2763,24.54591,-82.92924,21.5,CONT_HR,Yes
Dry Tortugas,2024,2764,24.58355,-82.98844,22.6,ISOL_LR,No
Dry Tortugas,2024,2765,24.54499,-82.94065,23.6,ISOL_MR,Yes
Dry Tortugas,2024,2766,24.54469,-82.95484,22.4,ISOL_MR,Yes
Dry Tortugas,2024,2768,24.56054,-82.92803,13.1,ISOL_LR,Yes
Dry Tortugas,2024,2769,24.58718,-82.95778,14.3,CONT_MR,Yes
Dry Tortugas,2024,2772,24.60079,-82.95151,14,ISOL_MR,Yes
Dry Tortugas,2024,2775,24.62619,-82.93798,4.9,CONT_LR,Yes
Dry Tortugas,2024,2777,24.63547,-82.94357,16.5,CONT_HR,Yes
Dry Tortugas,2024,2778,24.6361,-82.82061,11.6,SPGR_HR,Yes
Dry Tortugas,2024,2779,24.6378,-82.92379,5.2,CONT_MR,No
Dry Tortugas,2024,2780,24.65552,-82.8184,4.3,CONT_MR,Yes
Dry Tortugas,2024,2782,24.65854,-82.84114,5.5,CONT_MR,Yes
Dry Tortugas,2024,2783,24.66833,-82.887,8.8,ISOL_HR,Yes
Dry Tortugas,2024,2784,24.68916,-82.90423,7.9,SPGR_LR,Yes
Dry Tortugas,2024,2785,24.69836,-82.86148,5.2,CONT_MR,Yes
Dry Tortugas,2024,2787,24.70365,-82.8724,5.2,CONT_MR,No
Dry Tortugas,2024,2789,24.72176,-82.81268,15.5,CONT_HR,Yes
Dry Tortugas,2024,2790,24.72472,-82.80656,15.8,ISOL_MR,Yes
Dry Tortugas,2024,2791,24.60811,-82.9604,13.1,ISOL_HR,Yes
Dry Tortugas,2024,2802,24.65307,-82.83229,5.5,CONT_MR,Yes
Dry Tortugas,2024,2803,24.63357,-82.93984,10.7,CONT_HR,Yes
Dry Tortugas,2024,2804,24.63181,-82.94215,9.4,SPGR_LR,Yes
Dry Tortugas,2024,2813,24.71562,-82.81485,7.9,SPGR_LR,Yes
Dry Tortugas,2024,2816,24.60814,-82.95753,11.6,CONT_HR,No
Dry Tortugas,2024,2997,24.64774,-82.93685,13.7,ISOL_MR,No
Dry Tortugas,2024,2998,24.64963,-82.92996,12.5,CONT_LR,No
Dry Tortugas,2024,2999,24.64404,-82.94371,14.9,ISOL_MR,No
Flower Garden Banks,2024,7000,27.87384,-93.8217,27.6,HR,Yes
Flower Garden Banks,2024,7002,27.87344,-93.82249,24.8,HR,Yes
Flower Garden Banks,2024,7005,27.8739,-93.82148,24.7,HR,Yes
Flower Garden Banks,2024,7011,27.87595,-93.81461,22.6,HR,Yes
Flower Garden Banks,2024,7012,27.87393,-93.81691,20.9,HR,Yes
Flower Garden Banks,2024,7013,27.87357,-93.81235,21.8,HR,Yes
Flower Garden Banks,2024,7014,27.87453,-93.81577,21.3,HR,Yes
Flower Garden Banks,2024,7015,27.87523,-93.81473,19.5,HR,Yes
Flower Garden Banks,2024,7016,27.87394,-93.81538,23.2,HR,Yes
Flower Garden Banks,2024,7018,27.87394,-93.81487,22.3,HR,Yes
Flower Garden Banks,2024,7021,27.87425,-93.81408,22.7,HR,Yes
Flower Garden Banks,2024,7025,27.87453,-93.81289,23.6,HR,Yes
Flower Garden Banks,2024,7026,27.87495,-93.81331,25.6,HR,Yes
Flower Garden Banks,2024,7032,27.90839,-93.60309,25.3,HR,Yes
Flower Garden Banks,2024,7033,27.91809,-93.60308,26.1,HR,Yes
Flower Garden Banks,2024,7036,27.90878,-93.60281,26.7,HR,Yes
Flower Garden Banks,2024,7037,27.90986,-93.60266,26.8,HR,Yes
Flower Garden Banks,2024,7040,27.91091,-93.60171,27.1,HR,Yes
Flower Garden Banks,2024,7041,27.91097,-93.59749,25.3,HR,Yes
Flower Garden Banks,2024,7043,27.90996,-93.60142,22.3,HR,Yes
Flower Garden Banks,2024,7044,27.9184,-93.60115,29.4,LR,Yes
Flower Garden Banks,2024,7045,27.90917,-93.60057,22.3,HR,Yes
Flower Garden Banks,2024,7046,27.91035,-93.60094,21.8,HR,Yes
Flower Garden Banks,2024,7047,27.908080000000002,-93.60001,21.5,HR,Yes
Flower Garden Banks,2024,7048,27.91037,-93.60058,20.6,HR,Yes
Flower Garden Banks,2024,7051,27.91265,-93.59998,27.7,HR,Yes
Flower Garden Banks,2024,7052,27.90489,-93.59883,27.3,HR,Yes
Flower Garden Banks,2024,7056,27.90849,-93.59889,20.3,HR,Yes
Flower Garden Banks,2024,7057,27.9098,-93.5992,19.4,HR,Yes
Flower Garden Banks,2024,7060,27.91161,-93.59922,19.7,HR,Yes
Flower Garden Banks,2024,7061,27.91339,-93.59899,27,LR,Yes
Flower Garden Banks,2024,7066,27.90905,-93.5988,20.6,HR,Yes
Flower Garden Banks,2024,7071,27.91071,-93.5982,19.5,HR,Yes
Flower Garden Banks,2024,7072,27.91201,-93.59824,25.9,HR,Yes
Flower Garden Banks,2024,7076,27.91036,-93.59834,21.8,HR,Yes
Flower Garden Banks,2024,7080,27.90734,-93.59715,22.6,HR,Yes
Flower Garden Banks,2024,7081,27.90822,-93.59642,24.5,HR,Yes
Flower Garden Banks,2024,7082,27.90917,-93.59614,27.9,HR,Yes
Puerto Rico,2016,1000,18.31136,-65.34066,40,AGRF,No
Puerto Rico,2016,1001,18.3143,-65.33475,35.8,AGRF,No
Puerto Rico,2016,1002,18.29841,-65.32479,51.5,PTRF,No
Puerto Rico,2016,1003,18.30202,-65.32148,53.5,PTRF,No
Puerto Rico,2016,1004,18.31435,-65.32726,47.6,PVMT,No
Puerto Rico,2016,1005,18.32018,-65.3327,40,PVMT,No
Puerto Rico,2016,1007,18.31569,-65.33329,35.1,PVMT,No
Puerto Rico,2016,1008,18.31202,-65.33509,13.1,AGRF,No
Puerto Rico,2016,1009,18.3269,-65.33095,3.6,AGRF,No
Puerto Rico,2016,1010,18.31059,-65.33875,3.6,BDRK,No
Puerto Rico,2016,1011,18.31629,-65.33055,3.9,BDRK,No
Puerto Rico,2016,1012,18.30528,-65.32798,11.5,PTRF,No
Puerto Rico,2016,1013,18.31184,-65.31681,11.5,SCR,No
Puerto Rico,2016,1014,18.30248,-65.32615,25.6,PVMT,No
Puerto Rico,2016,1015,18.30888,-65.32735,17.1,PTRF,No
Puerto Rico,2016,1017,18.32151,-65.32755,32.1,SCR,No
Puerto Rico,2016,1018,18.3901,-65.56336,90.9,AGRF,No
Puerto Rico,2016,1019,18.3915,-65.57132,77.1,AGRF,No
Puerto Rico,2016,1020,18.35498,-65.56694,51.2,PTRF,No
Puerto Rico,2016,1021,18.38077,-65.55602,74.8,PTRF,No
Puerto Rico,2016,1023,18.34408,-65.52139,62.6,PVMT,No
Puerto Rico,2016,1024,18.35796,-65.51013,44.9,PVMT,No
Puerto Rico,2016,1025,18.36439,-65.52036,66.9,PVMT,No
Puerto Rico,2016,1026,18.36406,-65.5006,92.5,PVMT,No
Puerto Rico,2016,1027,18.36408,-65.49566,79,PVMT,No
Puerto Rico,2016,1028,18.3698,-65.52486,69.9,PVMT,No
Puerto Rico,2016,1029,18.33913,-65.55685,66.6,PTRF,No
Puerto Rico,2016,1030,18.39148,-65.57402,82,PTRF,No
Puerto Rico,2016,1031,18.33812,-65.5616,16.7,PVMT,No
Puerto Rico,2016,1035,18.37651,-65.57025,17.7,PTRF,No
Puerto Rico,2016,1037,18.34444,-65.56046,3.6,AGRF,No
Puerto Rico,2016,1039,18.3652,-65.58943,32.1,PVMT,No
Puerto Rico,2016,1040,18.37651,-65.56044,28.5,PVMT,No
Puerto Rico,2016,1042,18.38037,-65.61176,27.6,PVMT,No
Puerto Rico,2016,1043,18.27222,-65.19358,92.5,AGRF,No
Puerto Rico,2016,1045,18.31235,-65.21959,44,AGRF,No
Puerto Rico,2016,1046,18.3114,-65.16896,88.9,AGRF,No
Puerto Rico,2016,1048,18.22877,-65.41286,69.9,PTRF,No
Puerto Rico,2016,1049,18.23523,-65.37103,71.8,PTRF,No
Puerto Rico,2016,1050,18.25028,-65.22734,77.1,PTRF,No
Puerto Rico,2016,1051,18.2524,-65.26464,80.7,PTRF,No
Puerto Rico,2016,1052,18.26485,-65.2287,74.5,PTRF,No
Puerto Rico,2016,1053,18.28482,-65.24242,40,PTRF,No
Puerto Rico,2016,1054,18.2861,-65.29699,44.6,PTRF,No
Puerto Rico,2016,1055,18.14121,-65.71238,39.7,PTRF,No
Puerto Rico,2016,1056,18.21541,-65.44628,58.7,PTRF,No
Puerto Rico,2016,1057,18.25686,-65.52937,34.1,PVMT,No
Puerto Rico,2016,1058,18.27202,-65.52132,45.9,PVMT,No
Puerto Rico,2016,1059,18.27823,-65.47784,56.1,PVMT,No
Puerto Rico,2016,1060,18.27462,-65.22791,65.9,PVMT,No
Puerto Rico,2016,1061,18.27367,-65.20013,62.6,AGRF,No
Puerto Rico,2016,1062,18.27856,-65.29791,60.7,PVMT,No
Puerto Rico,2016,1063,18.28798,-65.52086,54.1,PVMT,No
Puerto Rico,2016,1064,18.28657,-65.22418,64,PVMT,No
Puerto Rico,2016,1065,18.2884,-65.22589,60,PVMT,No
Puerto Rico,2016,1066,18.35374,-65.29431,78.7,PVMT,No
Puerto Rico,2016,1067,18.35649,-65.34166,75.4,PVMT,No
Puerto Rico,2016,1068,18.35763,-65.36471,54.5,PVMT,No
Puerto Rico,2016,1069,18.08749,-65.74406,44,AGRF,No
Puerto Rico,2016,1070,18.09755,-65.69804,56.1,AGRF,No
Puerto Rico,2016,1071,18.09886,-65.70934,52.5,AGRF,No
Puerto Rico,2016,1072,18.10437,-65.71738,54.8,AGRF,No
Puerto Rico,2016,1073,18.09878,-65.33181,69.9,PVMT,No
Puerto Rico,2016,1074,18.11034,-65.61709,56.7,PVMT,No
Puerto Rico,2016,1075,18.11126,-65.64402,72.2,SCR,No
Puerto Rico,2016,1076,18.12244,-65.63532,51.2,PVMT,No
Puerto Rico,2016,1077,18.1272,-65.688,45.6,PVMT,No
Puerto Rico,2016,1078,18.13183,-65.66637,53.1,PVMT,No
Puerto Rico,2016,1079,18.13252,-65.67904,42.6,PVMT,No
Puerto Rico,2016,1080,18.13182,-65.26546,43.6,PVMT,No
Puerto Rico,2016,1081,18.26487,-65.24705,84,SCR,No
Puerto Rico,2016,1082,18.312,-65.21819,83,SCR,No
Puerto Rico,2016,1084,18.10017,-65.70096,64.6,SCR,No
Puerto Rico,2016,1085,18.11999,-65.64644,66.9,SCR,No
Puerto Rico,2016,1087,18.08695,-65.44341,17.7,AGRF,No
Puerto Rico,2016,1088,18.09861,-65.37817,31.5,AGRF,No
Puerto Rico,2016,1089,18.11171,-65.33821,49.9,AGRF,No
Puerto Rico,2016,1093,18.3196,-65.24036,33.5,PTRF,No
Puerto Rico,2016,1094,18.11987,-65.7506,39.7,SCR,No
Puerto Rico,2016,1095,18.15002,-65.67142,24.9,PTRF,No
Puerto Rico,2016,1096,18.1633,-65.50648,29.5,PTRF,No
Puerto Rico,2016,1097,18.18834,-65.65147,24.6,PTRF,No
Puerto Rico,2016,1098,18.27179,-65.56673,28.9,PVMT,No
Puerto Rico,2016,1099,18.27109,-65.47798,39.7,PVMT,No
Puerto Rico,2016,1100,18.29056,-65.59155,35.1,AGRF,No
Puerto Rico,2016,1101,18.33972,-65.5989,29.9,SCR,No
Puerto Rico,2016,1102,18.34166,-65.26719,33.8,PVMT,No
Puerto Rico,2016,1104,18.07993,-65.48276,33.5,PVMT,No
Puerto Rico,2016,1105,18.11506,-65.33433,24.9,PVMT,No
Puerto Rico,2016,1106,18.11886,-65.31816,27.6,PVMT,No
Puerto Rico,2016,1107,18.15031,-65.48879,14.8,PVMT,No
Puerto Rico,2016,1108,18.16197,-65.40648,8.9,BDRK,No
Puerto Rico,2016,1109,18.28053,-65.28087,24.9,SCR,No
Puerto Rico,2016,1111,18.08595,-65.56237,19.7,PVMT,No
Puerto Rico,2016,1122,18.31042,-65.32626,53.1,PTRF,No
Puerto Rico,2016,1164,18.34315,-65.53499,37.7,SCR,No
Puerto Rico,2016,2000,18.38606,-65.63689,39,AGRF,No
Puerto Rico,2016,2001,18.40299,-65.70809,64.6,AGRF,No
Puerto Rico,2016,2003,18.38508,-65.64596,57.7,AGRF,No
Puerto Rico,2016,2004,18.39865,-65.64596,69.5,SCR,No
Puerto Rico,2016,2005,18.40328,-65.72664,44,PVMT,No
Puerto Rico,2016,2006,18.40341,-65.64742,75.1,SCR,No
Puerto Rico,2016,2007,18.40678,-65.6132,64,PVMT,No
Puerto Rico,2016,2008,18.41384,-65.61424,84,PVMT,No
Puerto Rico,2016,2017,18.38358,-65.71718,3.9,PTRF,No
Puerto Rico,2016,2021,18.37714,-65.65349,23.6,AGRF,No
Puerto Rico,2016,2023,18.29299,-67.24068,35.8,AGRF,No
Puerto Rico,2016,2024,18.2929,-67.23992,33.1,AGRF,No
Puerto Rico,2016,2025,18.35145,-67.27426,58.1,PVMT,No
Puerto Rico,2016,2026,18.38797,-67.23156,56.7,AGRF,No
Puerto Rico,2016,2027,18.39052,-67.22318,57.1,AGRF,No
Puerto Rico,2016,2031,18.46334,-66.05654,25.6,SCR,No
Puerto Rico,2016,2032,18.46289,-66.00464,9.5,AGRF,No
Puerto Rico,2016,2045,18.3567,-67.27304,22.6,AGRF,No
Puerto Rico,2016,2046,18.45371,-66.02283,9.8,AGRF,No
Puerto Rico,2016,2050,18.38389,-65.65499,44.6,AGRF,No
Puerto Rico,2016,2052,18.38084,-65.65386,42.6,PTRF,No
Puerto Rico,2016,2053,18.39228,-65.63861,54.1,PTRF,No
Puerto Rico,2016,2056,18.40358,-65.63886,64,PVMT,No
Puerto Rico,2016,2057,18.41325,-65.74689,47.6,AGRF,No
Puerto Rico,2016,2065,18.37875,-65.64167,14.8,BDRK,No
Puerto Rico,2016,2076,18.29261,-67.24162,59,AGRF,No
Puerto Rico,2016,2078,18.29648,-67.24607,72.2,AGRF,No
Puerto Rico,2016,3000,18.37813,-67.48349,67.9,AGRF,No
Puerto Rico,2016,3002,18.38568,-67.47112,86.6,PVMT,No
Puerto Rico,2016,3004,18.37663,-67.47728,66.9,PVMT,No
Puerto Rico,2016,3005,18.39335,-67.48423,65.6,BDRK,No
Puerto Rico,2016,3006,18.38113,-67.48667,41.7,AGRF,No
Puerto Rico,2016,3008,18.37887,-67.48382,46.9,BDRK,No
Puerto Rico,2016,3009,18.38112,-67.47209,43.6,BDRK,No
Puerto Rico,2016,3010,18.38355,-67.489,20.7,BDRK,No
Puerto Rico,2016,3011,18.39063,-67.47778,33.1,AGRF,No
Puerto Rico,2016,3012,18.37754,-67.48061,48.9,PVMT,No
Puerto Rico,2016,3014,18.04853,-67.87449,48.9,AGRF,No
Puerto Rico,2016,3015,18.09783,-67.93941,39.7,AGRF,No
Puerto Rico,2016,3016,18.04754,-67.89667,55.1,PVMT,No
Puerto Rico,2016,3017,18.05805,-67.85623,60,AGRF,No
Puerto Rico,2016,3019,18.06706,-67.85047,54.1,PTRF,No
Puerto Rico,2016,3020,18.09248,-67.94598,45.9,PTRF,No
Puerto Rico,2016,3021,18.0572,-67.86447,26.6,AGRF,No
Puerto Rico,2016,3022,18.06148,-67.85976,25.9,AGRF,No
Puerto Rico,2016,3026,18.07193,-67.85216,37.1,PVMT,No
Puerto Rico,2016,3028,18.05182,-67.90359,43,SCR,No
Puerto Rico,2016,3030,17.86802,-67.0833,65.6,AGRF,No
Puerto Rico,2016,3031,17.87833,-67.13705,95.1,AGRF,No
Puerto Rico,2016,3032,17.89452,-67.07791,72.5,AGRF,No
Puerto Rico,2016,3033,17.89427,-67.00869,58.1,AGRF,No
Puerto Rico,2016,3034,17.89536,-67.01438,53.5,AGRF,No
Puerto Rico,2016,3035,17.90837,-67.02813,73.5,AGRF,No
Puerto Rico,2016,3036,17.91142,-67.08159,46.6,AGRF,No
Puerto Rico,2016,3037,17.92586,-67.08847,49.5,AGRF,No
Puerto Rico,2016,3038,17.93944,-67.03694,42.6,AGRF,No
Puerto Rico,2016,3040,18.00345,-67.35309,56.1,HARD,No
Puerto Rico,2016,3041,18.01131,-67.3503,58.7,HARD,No
Puerto Rico,2016,3042,18.02209,-67.35117,63,HARD,No
Puerto Rico,2016,3043,18.05236,-67.35061,90.5,HARD,No
Puerto Rico,2016,3045,18.13427,-67.33333,45.6,HARD,No
Puerto Rico,2016,3046,18.16254,-67.3204,40,HARD,No
Puerto Rico,2016,3048,17.92213,-66.99948,61,PTRF,No
Puerto Rico,2016,3049,17.92854,-66.97656,46.9,PTRF,No
Puerto Rico,2016,3050,17.94373,-67.07207,50.2,PTRF,No
Puerto Rico,2016,3053,17.98121,-67.33256,46.6,PTRF,No
Puerto Rico,2016,3054,18.01347,-67.28562,52.5,PTRF,No
Puerto Rico,2016,3057,17.86206,-66.28579,81,PVMT,No
Puerto Rico,2016,3058,17.86295,-66.15689,82,PVMT,No
Puerto Rico,2016,3059,17.8891,-66.27213,78.7,PVMT,No
Puerto Rico,2016,3060,17.8969,-66.13382,69.9,PVMT,No
Puerto Rico,2016,3061,17.912,-66.1142,42.6,PVMT,No
Puerto Rico,2016,3062,17.9324,-66.0336,45.6,AGRF,No
Puerto Rico,2016,3063,17.9492,-65.981,43.6,PVMT,No
Puerto Rico,2016,3064,17.87529,-67.09562,64.9,PVMT,No
Puerto Rico,2016,3065,17.87796,-67.09452,73.8,PVMT,No
Puerto Rico,2016,3066,17.88363,-67.22342,57.7,PVMT,No
Puerto Rico,2016,3067,17.88666,-67.04931,59.7,AGRF,No
Puerto Rico,2016,3068,17.88652,-67.03945,68.9,PTRF,No
Puerto Rico,2016,3069,17.89366,-67.02995,49.9,AGRF,No
Puerto Rico,2016,3070,17.89984,-67.00706,50.2,AGRF,No
Puerto Rico,2016,3071,17.90596,-67.29213,69.5,PVMT,No
Puerto Rico,2016,3072,17.90698,-67.27184,57.1,PVMT,No
Puerto Rico,2016,3073,17.90983,-67.2397,37.7,PVMT,No
Puerto Rico,2016,3075,17.91616,-67.2594,42,PVMT,No
Puerto Rico,2016,3076,17.91547,-67.08476,49.5,AGRF,No
Puerto Rico,2016,3077,17.92023,-67.00885,44,AGRF,No
Puerto Rico,2016,3078,17.94476,-66.80973,34.8,PVMT,No
Puerto Rico,2016,3079,17.94924,-66.70738,40,PVMT,No
Puerto Rico,2016,3080,17.98129,-67.31896,55.1,AGRF,No
Puerto Rico,2016,3081,17.98671,-67.32674,46.6,AGRF,No
Puerto Rico,2016,3082,17.99382,-67.30399,59,AGRF,No
Puerto Rico,2016,3083,18.03226,-67.33058,76.1,PTRF,No
Puerto Rico,2016,3084,18.10474,-67.30848,62.6,PVMT,No
Puerto Rico,2016,3085,17.8761,-66.17447,91.8,SCR,No
Puerto Rico,2016,3086,17.8822,-66.1699,83,SCR,No
Puerto Rico,2016,3087,17.89108,-67.13511,87.6,SCR,No
Puerto Rico,2016,3088,17.89312,-67.15485,89.5,SCR,No
Puerto Rico,2016,3089,17.99044,-67.34884,54.1,SCR,No
Puerto Rico,2016,3090,17.9265,-66.1299,13.1,PVMT,No
Puerto Rico,2016,3091,17.9366,-66.0406,19,AGRF,No
Puerto Rico,2016,3093,17.91831,-67.10453,6.6,AGRF,No
Puerto Rico,2016,3094,17.92035,-67.07286,34.8,AGRF,No
Puerto Rico,2016,3095,17.92635,-66.94222,9.8,AGRF,No
Puerto Rico,2016,3096,17.94696,-66.98122,8.5,AGRF,No
Puerto Rico,2016,3098,17.89417,-66.52585,4.9,BDRK,No
Puerto Rico,2016,3100,18.04696,-67.39024,34.8,HARD,No
Puerto Rico,2016,3101,18.14616,-67.32849,35.8,HARD,No
Puerto Rico,2016,3102,18.14946,-67.33556,35.1,HARD,No
Puerto Rico,2016,3103,17.94346,-66.07121,36.1,PTRF,No
Puerto Rico,2016,3104,17.9469,-66.0881,24.9,PTRF,No
Puerto Rico,2016,3105,17.93189,-67.10159,27.9,PTRF,No
Puerto Rico,2016,3106,17.939,-67.0471,3.9,SCR,No
Puerto Rico,2016,3107,17.94542,-66.96798,5.9,PTRF,No
Puerto Rico,2016,3109,18.03262,-67.28522,24.9,PTRF,No
Puerto Rico,2016,3110,17.8857,-66.45966,42.6,AGRF,No
Puerto Rico,2016,3111,17.88832,-66.46056,35.1,PVMT,No
Puerto Rico,2016,3112,17.89936,-66.49815,24.9,PVMT,No
Puerto Rico,2016,3113,17.90414,-66.49773,30.5,PVMT,No
Puerto Rico,2016,3114,17.9366,-66.0189,35.1,PVMT,No
Puerto Rico,2016,3117,17.87725,-66.5399,35.1,PVMT,No
Puerto Rico,2016,3118,17.91524,-67.03212,39,PVMT,No
Puerto Rico,2016,3119,17.92094,-67.23393,29.5,PVMT,No
Puerto Rico,2016,3121,17.9244,-67.02678,36.1,PVMT,No
Puerto Rico,2016,3122,17.92876,-66.89223,37.7,PVMT,No
Puerto Rico,2016,3123,17.94464,-66.61743,23.6,PVMT,No
Puerto Rico,2016,3125,18.10381,-67.31337,34.4,AGRF,No
Puerto Rico,2016,3126,18.13144,-67.31483,37.1,PVMT,No
Puerto Rico,2016,3127,18.13558,-67.30358,35.1,PVMT,No
Puerto Rico,2016,3128,18.13629,-67.31326,35.8,PVMT,No
Puerto Rico,2016,3129,18.13786,-67.30277,29.9,PVMT,No
Puerto Rico,2016,3130,18.13882,-67.32537,36.7,PVMT,No
Puerto Rico,2016,3131,18.14648,-67.312970000000007,36.1,PVMT,No
Puerto Rico,2016,3132,18.14788,-67.25373,23,AGRF,No
Puerto Rico,2016,3134,18.24462,-67.2108,23.9,PVMT,No
Puerto Rico,2016,3137,17.94602,-66.8864,26.6,PTRF,No
Puerto Rico,2016,3184,17.9366,-66.91352,38.7,AGRF,No
Puerto Rico,2016,3193,17.8852,-66.284,86.9,SCR,No
Puerto Rico,2016,3195,17.8959,-66.1286,81,PVMT,No
Puerto Rico,2016,3196,17.9054,-66.0906,42,PVMT,No
Puerto Rico,2016,3201,17.90396,-66.94148,44.9,PVMT,No
Puerto Rico,2016,3208,17.8809,-66.1745,92.5,SCR,No
Puerto Rico,2016,3213,17.96109,-66.73229,20,PVMT,No
Puerto Rico,2016,3229,17.91654,-67.15224,33.8,PVMT,No
Puerto Rico,2019,6008,17.8859416,-67.1157867,81.7,AGRF,No
Puerto Rico,2019,6011,17.8861591,-67.0917227,57.1,AGRF,No
Puerto Rico,2019,6015,17.8896279,-67.0317674,64.6,AGRF,No
Puerto Rico,2019,6020,17.8929535,-67.237445,42.6,PVMT,No
Puerto Rico,2019,6021,17.8945292,-67.2619657,52.5,PVMT,No
Puerto Rico,2019,6022,17.8943726,-67.2445087,41,PVMT,No
Puerto Rico,2019,6023,17.8940192,-67.0642736,81,AGRF,No
Puerto Rico,2019,6027,17.8954343,-66.9812208,65.9,PVMT,No
Puerto Rico,2019,6030,17.900785,-67.0632565,51.8,AGRF,No
Puerto Rico,2019,6033,17.9022459,-67.0287973,75.8,AGRF,No
Puerto Rico,2019,6038,17.9082416,-66.9966463,57.7,AGRF,No
Puerto Rico,2019,6040,17.9126875,-67.2216775,25.6,PVMT,No
Puerto Rico,2019,6044,17.9165737,-66.9724882,42,AGRF,No
Puerto Rico,2019,6048,17.9223936,-67.296617,56.1,PVMT,No
Puerto Rico,2019,6050,17.9219077,-67.0078175,32.1,PVMT,No
Puerto Rico,2019,6053,17.9244636,-67.0370455,55.8,PTRF,No
Puerto Rico,2019,6054,17.9273171,-67.2913785,57.7,PVMT,No
Puerto Rico,2019,6058,17.9288979,-67.120051900000007,9.8,AGRF,No
Puerto Rico,2019,6062,17.9303353,-67.0369808,44.6,PVMT,No
Puerto Rico,2019,6066,17.9351944,-67.3139574,59,PVMT,No
Puerto Rico,2019,6085,17.9403658,-67.0916143,7.5,SCR,No
Puerto Rico,2019,6086,17.9427712,-67.3020859,59,PVMT,No
Puerto Rico,2019,6087,17.9395092,-66.962789,8.9,AGRF,No
Puerto Rico,2019,6097,17.9520271,-67.3274864,54.1,PTRF,No
Puerto Rico,2019,6098,17.9510184,-67.2142148,6.6,BDRK,No
Puerto Rico,2019,6100,17.9530319,-67.3392775,44,AGRF,No
Puerto Rico,2019,6103,17.9477694,-66.6918271,34.1,PVMT,No
Puerto Rico,2019,6107,17.9497713,-66.7083165,42.6,PTRF,No
Puerto Rico,2019,6109,17.9595546,-67.0678091,19,AGRF,No
Puerto Rico,2019,6112,17.9651154,-67.3259471,51.2,PTRF,No
Puerto Rico,2019,6114,17.96533,-67.0134671,13.1,AGRF,No
Puerto Rico,2019,6117,17.9728964,-67.3376757,44.6,PTRF,No
Puerto Rico,2019,6118,17.9672028,-66.7312157,5.6,AGRF,No
Puerto Rico,2019,6121,17.9723133,-66.7434208,3.6,AGRF,No
Puerto Rico,2019,6122,17.9791478,-67.3291195,55.4,AGRF,No
Puerto Rico,2019,6124,17.9832581,-67.334274,44,PTRF,No
Puerto Rico,2019,6125,17.9846417,-67.3375658,42,PTRF,No
Puerto Rico,2019,6126,17.9800098,-66.7065106,3.6,AGRF,No
Puerto Rico,2019,6128,17.9882557,-67.3375319,44,PTRF,No
Puerto Rico,2019,6129,17.9908849,-67.3280648,50.8,AGRF,No
Puerto Rico,2019,6130,17.9936482,-67.2321984,20,PTRF,No
Puerto Rico,2019,6131,17.9959111,-67.232648,14.8,PTRF,No
Puerto Rico,2019,6135,18.0063393,-67.2367934,13.8,PVMT,No
Puerto Rico,2019,6137,18.0116151,-67.3750876,39.7,HARD,No
Puerto Rico,2019,6140,18.0183187,-67.2626441,16.7,PTRF,No
Puerto Rico,2019,6141,18.0202723,-67.3306209,50.8,AGRF,No
Puerto Rico,2019,6143,18.0215813,-67.3783017,62.6,HARD,No
Puerto Rico,2019,6145,18.0277625,-67.3612448,66.9,HARD,No
Puerto Rico,2019,6146,18.0284589,-67.2852108,39.7,PTRF,No
Puerto Rico,2019,6152,18.0352138,-67.2827842,31.5,PTRF,No
Puerto Rico,2019,6155,18.0464443,-67.8924344,50.5,AGRF,No
Puerto Rico,2019,6160,18.0461568,-67.3998014,41,HARD,No
Puerto Rico,2019,6161,18.0501184,-67.9028036,49.5,PVMT,No
Puerto Rico,2019,6164,18.050881,-67.8782355,16.7,AGRF,No
Puerto Rico,2019,6165,18.0514685,-67.9018505,41,SCR,No
Puerto Rico,2019,6167,18.0512668,-67.8668961,64,AGRF,No
Puerto Rico,2019,6169,18.0522063,-67.8730309,16.7,AGRF,No
Puerto Rico,2019,6174,18.0544047,-67.8626246,50.8,AGRF,No
Puerto Rico,2019,6175,18.0550887,-67.9027728,10.5,AGRF,No
Puerto Rico,2019,6178,18.0529252,-67.3987956,33.1,HARD,No
Puerto Rico,2019,6181,18.0574225,-67.9159853,61,SCR,No
Puerto Rico,2019,6184,18.0540077,-67.366197,77.7,HARD,No
Puerto Rico,2019,6185,18.0552036,-67.4011365,34.8,HARD,No
Puerto Rico,2019,6187,18.0620357,-67.8540723,54.1,PVMT,No
Puerto Rico,2019,6189,18.0661779,-67.4170967,65.9,HARD,No
Puerto Rico,2019,6190,18.0674555,-67.4076384,39.7,HARD,No
Puerto Rico,2019,6191,18.0750767,-67.4004843,64.6,HARD,No
Puerto Rico,2019,6192,18.073748,-67.2474573,17.7,AGRF,No
Puerto Rico,2019,6196,18.1081426,-67.9359927,65.6,BDRK,No
Puerto Rico,2019,6204,18.092483,-65.581883,43,AGRF,No
Puerto Rico,2019,6210,18.097183,-65.612017,58.7,AGRF,No
Puerto Rico,2019,6211,18.09383,-65.33327,81.7,AGRF,No
Puerto Rico,2019,6213,18.099333,-65.574783,15.7,BDRK,No
Puerto Rico,2019,6214,18.1222993,-67.2710702,20.7,PTRF,No
Puerto Rico,2019,6215,18.1027,-65.6452,86.6,SCR,No
Puerto Rico,2019,6217,18.1264114,-67.276227,24.9,PVMT,No
Puerto Rico,2019,6218,18.09932,-65.32802,75.1,AGRF,No
Puerto Rico,2019,6221,18.10064,-65.37646,23.9,PVMT,No
Puerto Rico,2019,6223,18.105083,-65.578467,15.7,BDRK,No
Puerto Rico,2019,6224,18.10336,-65.3892,36.1,SCR,No
Puerto Rico,2019,6226,18.10427,-65.36746,26.6,AGRF,No
Puerto Rico,2019,6229,18.10693,-65.40842,4.9,BDRK,No
Puerto Rico,2019,6230,18.10619,-65.3718,27.6,PVMT,No
Puerto Rico,2019,6232,18.10658,-65.36929,21,AGRF,No
Puerto Rico,2019,6234,18.10986,-65.34796,56.1,SCR,No
Puerto Rico,2019,6235,18.116817,-65.636683,64.9,SCR,No
Puerto Rico,2019,6236,18.11191,-65.36736,26.6,PTRF,No
Puerto Rico,2019,6237,18.139382,-67.3124834,29.9,PVMT,No
Puerto Rico,2019,6238,18.1405035,-67.3375163,40,HARD,No
Puerto Rico,2019,6239,18.118933,-65.624517,41.7,PVMT,No
Puerto Rico,2019,6240,18.141702,-67.268517,25.6,SCR,No
Puerto Rico,2019,6242,18.120283,-65.630617,54.1,SCR,No
Puerto Rico,2019,6243,18.1433436,-67.3006323,23.9,PVMT,No
Puerto Rico,2019,6245,18.1454439,-67.3341619,36.7,HARD,No
Puerto Rico,2019,6247,18.1463678,-67.3365158,37.7,HARD,No
Puerto Rico,2019,6248,18.1467768,-67.280280200000007,28.5,PVMT,No
Puerto Rico,2019,6249,18.12011,-65.29519,40,PVMT,No
Puerto Rico,2019,6251,18.1527678,-67.2433633,7.9,AGRF,No
Puerto Rico,2019,6252,18.1543882,-67.3236808,35.8,HARD,No
Puerto Rico,2019,6255,18.1580309,-67.326954,35.1,HARD,No
Puerto Rico,2019,6260,18.1448,-65.71547,28.9,AGRF,No
Puerto Rico,2019,6261,18.15412,-65.47327,30.2,AGRF,No
Puerto Rico,2019,6262,18.16306,-65.48622,13.1,AGRF,No
Puerto Rico,2019,6266,18.17505,-65.45859,52.1,PTRF,No
Puerto Rico,2019,6268,18.1832,-65.52634,36.1,AGRF,No
Puerto Rico,2019,6269,18.18226,-65.45924,59,SCR,No
Puerto Rico,2019,6271,18.20235,-65.51472,28.9,PVMT,No
Puerto Rico,2019,6272,18.21595,-65.46845,73.1,SCR,No
Puerto Rico,2019,6274,18.22701,-65.43779,75.1,SCR,No
Puerto Rico,2019,6275,18.23708,-65.25907,78.1,PTRF,No
Puerto Rico,2019,6277,18.25922,-65.22589,68.9,AGRF,No
Puerto Rico,2019,6278,18.26493,-65.4738,33.8,PVMT,No
Puerto Rico,2019,6279,18.26743,-65.47276,37.7,AGRF,No
Puerto Rico,2019,6281,18.2927885,-67.2410117,54.1,PTRF,No
Puerto Rico,2019,6283,18.293718,-67.2438398,54.8,AGRF,No
Puerto Rico,2019,6285,18.26689,-65.27883,89.5,SCR,No
Puerto Rico,2019,6286,18.26686,-65.25527,88.9,SCR,No
Puerto Rico,2019,6288,18.27504,-65.22978,69.9,PVMT,No
Puerto Rico,2019,6290,18.27635,-65.28819,62,SCR,No
Puerto Rico,2019,6293,18.28148,-65.24099,25.9,PTRF,No
Puerto Rico,2019,6294,18.28319,-65.25742,63.6,AGRF,No
Puerto Rico,2019,6295,18.28835,-65.50158,47.6,PVMT,No
Puerto Rico,2019,6299,18.28801,-65.20306,74.8,PVMT,No
Puerto Rico,2019,6300,18.29086,-65.20497,77.1,PVMT,No
Puerto Rico,2019,6302,18.29238,-65.22638,62.6,PVMT,No
Puerto Rico,2019,6305,18.29844,-65.32584,37.7,AGRF,No
Puerto Rico,2019,6307,18.29908,-65.32706,19,AGRF,No
Puerto Rico,2019,6316,18.30104,-65.32153,53.5,PTRF,No
Puerto Rico,2019,6318,18.30165,-65.32473,59,PTRF,No
Puerto Rico,2019,6320,18.30126,-65.31244,26.6,PTRF,No
Puerto Rico,2019,6321,18.30256,-65.32758,14.1,AGRF,No
Puerto Rico,2019,6324,18.30813,-65.59766,29.9,AGRF,No
Puerto Rico,2019,6325,18.303,-65.32658,25.6,PVMT,No
Puerto Rico,2019,6328,18.304,-65.32787,15.7,AGRF,No
Puerto Rico,2019,6330,18.3041,-65.312,13.1,SCR,No
Puerto Rico,2019,6333,18.30477,-65.24368,2,PVMT,No
Puerto Rico,2019,6334,18.30706,-65.32734,20.7,SCR,No
Puerto Rico,2019,6340,18.3088,-65.31934,42,PVMT,No
Puerto Rico,2019,6347,18.31052,-65.34063,24.9,BDRK,No
Puerto Rico,2019,6348,18.30746,-65.17875,91.5,AGRF,No
Puerto Rico,2019,6349,18.31134,-65.34982,23.6,BDRK,No
Puerto Rico,2019,6350,18.3087,-65.17725,91.8,AGRF,No
Puerto Rico,2019,6358,18.31625,-65.32983,15.7,BDRK,No
Puerto Rico,2019,6360,18.3440651,-67.2660386,25.9,SCR,No
Puerto Rico,2019,6365,18.345446,-67.2688632,26.6,AGRF,No
Puerto Rico,2019,6368,18.3458374,-67.2622363,3.9,BDRK,No
Puerto Rico,2019,6370,18.3463537,-67.2693272,26.9,AGRF,No
Puerto Rico,2019,6371,18.3463279,-67.2664891,14.8,AGRF,No
Puerto Rico,2019,6374,18.32252,-65.52036,57.7,PVMT,No
Puerto Rico,2019,6375,18.3468183,-67.2707418,51.5,AGRF,No
Puerto Rico,2019,6377,18.3477346,-67.2721519,57.1,AGRF,No
Puerto Rico,2019,6378,18.3477174,-67.2702598,43,SCR,No
Puerto Rico,2019,6379,18.3477131,-67.2697867,40.7,SCR,No
Puerto Rico,2019,6380,18.3476615,-67.2641104,15.1,AGRF,No
Puerto Rico,2019,6385,18.3499416,-67.266453,8.5,AGRF,No
Puerto Rico,2019,6387,18.3503933,-67.2664485,8.5,AGRF,No
Puerto Rico,2019,6391,18.33794,-65.55695,69.9,AGRF,No
Puerto Rico,2019,6395,18.34126,-65.57332,34.1,SCR,No
Puerto Rico,2019,6397,18.34105,-65.52843,26.6,PVMT,No
Puerto Rico,2019,6398,18.34248,-65.56769,3.9,SCR,No
Puerto Rico,2019,6402,18.34369,-65.57078,11.2,PTRF,No
Puerto Rico,2019,6403,18.34462,-65.57417,31.2,PTRF,No
Puerto Rico,2019,6408,18.34541,-65.56293,17.7,AGRF,No
Puerto Rico,2019,6414,18.34908,-65.5779,44.9,SCR,No
Puerto Rico,2019,6417,18.3507,-65.53937,65.6,PTRF,No
Puerto Rico,2019,6419,18.3765909,-67.477221,68.6,PVMT,No
Puerto Rico,2019,6421,18.3765834,-67.4762747,75.1,PVMT,No
Puerto Rico,2019,6428,18.3784508,-67.4838294,53.1,AGRF,No
Puerto Rico,2019,6431,18.3788988,-67.4833523,48.5,AGRF,No
Puerto Rico,2019,6432,18.3788951,-67.4828792,44,AGRF,No
Puerto Rico,2019,6435,18.34816,-65.25196,74.8,PVMT,No
Puerto Rico,2019,6437,18.35448,-65.56693,37.7,AGRF,No
Puerto Rico,2019,6438,18.3798249,-67.4861834,55.8,AGRF,No
Puerto Rico,2019,6439,18.3798174,-67.4852371,46.9,AGRF,No
Puerto Rico,2019,6443,18.3801594,-67.4715113,65.9,AGRF,No
Puerto Rico,2019,6444,18.35547,-65.57403,9.8,PVMT,No
Puerto Rico,2019,6446,18.381184,-67.4866448,39.7,AGRF,No
Puerto Rico,2019,6449,18.3816395,-67.487114,31.5,AGRF,No
Puerto Rico,2019,6458,18.3843801,-67.4908758,54.5,AGRF,No
Puerto Rico,2019,6460,18.3842252,-67.4714755,55.4,AGRF,No
Puerto Rico,2019,6463,18.3855919,-67.4728831,56.7,PVMT,No
Puerto Rico,2019,6468,18.3866314,-67.4899098,51.5,BDRK,No
Puerto Rico,2019,6485,18.37435,-65.69303,41,PTRF,No
Puerto Rico,2019,6492,18.37196,-65.50187,93.5,PVMT,No
Puerto Rico,2019,6497,18.37396,-65.52348,88.9,PTRF,No
Puerto Rico,2019,6498,18.3784,-65.69535,37.1,AGRF,No
Puerto Rico,2019,6503,18.38013,-65.69718,38.7,AGRF,No
Puerto Rico,2019,6512,18.3845,-65.55585,81.7,AGRF,No
Puerto Rico,2019,6515,18.38796,-65.56616,79.7,AGRF,No
Puerto Rico,2019,6518,18.39185,-65.69466,73.1,SCR,No
Puerto Rico,2019,6520,18.39335,-65.69941,72.5,SCR,No
Puerto Rico,2019,6525,18.40051,-65.6946,55.1,PVMT,No
Puerto Rico,2019,6532,18.45192,-66.02245,14.8,PTRF,No
Puerto Rico,2019,6535,18.45448,-66.04129,11.2,PTRF,No
Puerto Rico,2019,6536,18.45491,-66.03983,8.5,PTRF,No
Puerto Rico,2019,6538,18.45483,-65.96675,8.9,BDRK,No
Puerto Rico,2019,6540,18.45636,-66.04877,22.6,PTRF,No
Puerto Rico,2019,6541,18.45609,-66.02988,17.7,PTRF,No
Puerto Rico,2019,6543,18.45942,-66.01189,14.1,PVMT,No
Puerto Rico,2019,6544,18.46119,-66.00991,14.1,PVMT,No
Puerto Rico,2019,6545,18.46264,-66.04299,9.5,PVMT,No
Puerto Rico,2019,6548,18.46835,-66.1508,8.5,PVMT,No
Puerto Rico,2019,6551,18.47189,-66.14499,7.5,PVMT,No
Puerto Rico,2021,6000,17.86533,-67.12894,64,AGRF,No
Puerto Rico,2021,6001,17.86662,-67.13135,88.5,AGRF,No
Puerto Rico,2021,6003,17.87171,-67.09907,69.5,PVMT,No
Puerto Rico,2021,6004,17.87492,-67.15802,92,AGRF,No
Puerto Rico,2021,6005,17.87425,-67.07114,66,AGRF,No
Puerto Rico,2021,6006,17.86899,-66.48877,46.5,PVMT,No
Puerto Rico,2021,6009,17.87025,-66.52269,69.5,PVMT,No
Puerto Rico,2021,6010,17.87754,-67.13861,94.5,AGRF,No
Puerto Rico,2021,6011,17.86715,-66.24999,82.5,AGRF,No
Puerto Rico,2021,6017,17.88365,-67.2193,63.5,PVMT,No
Puerto Rico,2021,6019,17.88416,-67.1796,77.5,PVMT,No
Puerto Rico,2021,6020,17.8848,-67.08406,61,AGRF,No
Puerto Rico,2021,6023,17.88787,-67.08273,53.5,AGRF,No
Puerto Rico,2021,6024,17.88876,-67.11892,90.5,PTRF,No
Puerto Rico,2021,6025,17.88876,-67.09141,56,AGRF,No
Puerto Rico,2021,6029,17.89346,-67.25025,35,PVMT,No
Puerto Rico,2021,6031,17.89349,-67.10439,86.5,SCR,No
Puerto Rico,2021,6032,17.88785,-66.52044,11,PVMT,No
Puerto Rico,2021,6035,17.8957,-67.00885,59.5,AGRF,No
Puerto Rico,2021,6037,17.88491,-66.14406,66,AGRF,No
Puerto Rico,2021,6040,17.89944,-67.28119,74,PVMT,No
Puerto Rico,2021,6042,17.89719,-67.02413,58.5,PTRF,No
Puerto Rico,2021,6043,17.89711,-67.01135,57,PTRF,No
Puerto Rico,2021,6044,17.89175,-66.50718,19,PVMT,No
Puerto Rico,2021,6045,17.88837,-66.24729,77.5,PVMT,No
Puerto Rico,2021,6046,17.89882,-67.09366,82.5,SCR,No
Puerto Rico,2021,6048,17.89196,-66.4625,44,PVMT,No
Puerto Rico,2021,6049,17.9001,-67.07972,67,AGRF,No
Puerto Rico,2021,6050,17.89983,-66.07315,42,PVMT,No
Puerto Rico,2021,6053,17.89557,-66.48637,28,PVMT,No
Puerto Rico,2021,6055,17.90505,-67.23168,39.5,PVMT,No
Puerto Rico,2021,6056,17.90331,-67.00045,53.5,AGRF,No
Puerto Rico,2021,6057,17.90846,-67.27134,62.5,PVMT,No
Puerto Rico,2021,6058,17.89964,-66.48964,33.5,PVMT,No
Puerto Rico,2021,6060,17.90908,-67.2245,38,PVMT,No
Puerto Rico,2021,6063,17.91005,-67.08172,63,PVMT,No
Puerto Rico,2021,6065,17.91072,-67.05855,50.5,PVMT,No
Puerto Rico,2021,6068,17.91454,-67.3207,65,AGRF,No
Puerto Rico,2021,6072,17.91375,-67.09205,46,AGRF,No
Puerto Rico,2021,6075,17.91601,-67.14713,29.5,PVMT,No
Puerto Rico,2021,6076,17.91496,-66.91635,50.5,AGRF,No
Puerto Rico,2021,6082,17.92092,-66.91248,38,PVMT,No
Puerto Rico,2021,6083,17.91282,-66.24285,19,AGRF,No
Puerto Rico,2021,6084,17.92375,-67.0584,37.5,AGRF,No
Puerto Rico,2021,6086,17.92542,-67.0909,40.5,AGRF,No
Puerto Rico,2021,6089,17.92716,-67.08344,38,AGRF,No
Puerto Rico,2021,6091,17.92264,-66.48137,22.5,PVMT,No
Puerto Rico,2021,6093,18.24469,-67.21083,32,PVMT,No
Puerto Rico,2021,6097,17.92131,-66.12521,27.5,PVMT,No
Puerto Rico,2021,6099,17.93964,-67.3129,60,PTRF,No
Puerto Rico,2021,6100,17.93268,-66.63962,53.5,AGRF,No
Puerto Rico,2021,6101,17.94006,-67.3108,60,PTRF,No
Puerto Rico,2021,6103,17.93708,-66.90666,41,AGRF,No
Puerto Rico,2021,6104,17.93715,-66.90623,25.5,AGRF,No
Puerto Rico,2021,6107,17.94427,-67.3346,59,AGRF,No
Puerto Rico,2021,6111,17.9458,-66.79906,38.5,PVMT,No
Puerto Rico,2021,6114,17.98054,-67.33383,47.5,PTRF,No
Puerto Rico,2021,6116,17.94944,-66.59551,34,AGRF,No
Puerto Rico,2021,6119,17.95424,-66.78194,25,AGRF,No
Puerto Rico,2021,6121,17.95624,-66.79462,17.5,AGRF,No
Puerto Rico,2021,6122,17.95639,-66.77246,36,PVMT,No
Puerto Rico,2021,6125,17.99699,-67.33828,49.5,PTRF,No
Puerto Rico,2021,6126,17.96745,-67.34579,53.5,PTRF,No
Puerto Rico,2021,6127,17.96491,-67.05635,28.5,AGRF,No
Puerto Rico,2021,6128,18.00004,-67.23927,12,PVMT,No
Puerto Rico,2021,6133,17.9646,-66.77938,6.5,AGRF,No
Puerto Rico,2021,6134,18.01519,-67.26364,26,PTRF,No
Puerto Rico,2021,6136,17.97882,-67.34376,50,PTRF,No
Puerto Rico,2021,6140,17.98699,-67.34746,34,PVMT,No
Puerto Rico,2021,6143,17.99276,-67.35971,54.5,HARD,No
Puerto Rico,2021,6145,17.99441,-67.37052,63.5,HARD,No
Puerto Rico,2021,6148,18.04599,-67.2879,19,PVMT,No
Puerto Rico,2021,6149,17.99811,-67.33795,50.5,PTRF,No
Puerto Rico,2021,6150,18.00115,-67.332,48,PTRF,No
Puerto Rico,2021,6151,18.00149,-67.31438,46.5,AGRF,No
Puerto Rico,2021,6153,18.00335,-67.30986,37,PTRF,No
Puerto Rico,2021,6155,17.99034,-65.859,43,PVMT,No
Puerto Rico,2021,6156,18.01062,-67.3723,41,HARD,No
Puerto Rico,2021,6161,18.01466,-67.207,11,AGRF,No
Puerto Rico,2021,6162,18.01644,-67.35804,61,HARD,No
Puerto Rico,2021,6163,18.01687,-67.35521,56,HARD,No
Puerto Rico,2021,6164,18.00074,-65.83617,36,PVMT,No
Puerto Rico,2021,6166,18.02208,-67.32935,61.5,PTRF,No
Puerto Rico,2021,6167,18.02254,-67.3406,60,PTRF,No
Puerto Rico,2021,6168,18.03,-67.30788,71,PVMT,No
Puerto Rico,2021,6169,18.03108,-67.36358,76.5,HARD,No
Puerto Rico,2021,6176,18.02287,-65.81584,43,PVMT,No
Puerto Rico,2021,6177,18.04427,-67.39321,34.5,HARD,No
Puerto Rico,2021,6192,18.06075,-67.40958,47.5,HARD,No
Puerto Rico,2021,6202,18.07544,-67.24694,29,PTRF,No
Puerto Rico,2021,6204,18.08359,-67.42166,37,HARD,No
Puerto Rico,2021,6207,18.08414,-67.42024,37,HARD,No
Puerto Rico,2021,6213,18.14976,-67.32516,35.5,HARD,No
Puerto Rico,2021,6214,18.15045,-67.26936,38.5,PTRF,No
Puerto Rico,2021,6216,18.09766,-67.19526,1,SCR,No
Puerto Rico,2021,6217,18.07544,-65.50737,45.5,PVMT,No
Puerto Rico,2021,6218,18.07497,-65.44535,86,PVMT,No
Puerto Rico,2021,6219,18.15703,-67.33414,35,HARD,No
Puerto Rico,2021,6220,18.15863,-67.27167,25.5,PVMT,No
Puerto Rico,2021,6222,18.0804,-65.45698,40,AGRF,No
Puerto Rico,2021,6223,18.08079,-65.46525,36,PVMT,No
Puerto Rico,2021,6226,18.16517,-67.308,36,HARD,No
Puerto Rico,2021,6227,18.07985,-65.37696,90.5,AGRF,No
Puerto Rico,2021,6229,18.08228,-65.48692,18,PVMT,No
Puerto Rico,2021,6230,18.08678,-65.7223,62,AGRF,No
Puerto Rico,2021,6233,18.08586,-65.48874,23,PVMT,No
Puerto Rico,2021,6236,18.08724,-65.4415,21,PTRF,No
Puerto Rico,2021,6238,18.09642,-65.73982,46.5,PVMT,No
Puerto Rico,2021,6241,18.09554,-65.39592,48,SCR,No
Puerto Rico,2021,6242,18.1024,-65.68559,82,AGRF,No
Puerto Rico,2021,6243,18.1274,-67.30273,37,PTRF,No
Puerto Rico,2021,6246,18.11305,-65.70532,46,PTRF,No
Puerto Rico,2021,6247,18.11235,-65.62727,55,PVMT,No
Puerto Rico,2021,6248,18.13573,-67.27049,18.5,AGRF,No
Puerto Rico,2021,6249,18.11531,-65.66733,56,PVMT,No
Puerto Rico,2021,6250,18.13653,-67.26942,25,PTRF,No
Puerto Rico,2021,6253,18.13995,-67.30876,25,PVMT,No
Puerto Rico,2021,6254,18.11963,-65.68895,63.5,SCR,No
Puerto Rico,2021,6257,18.12173,-65.62147,45.5,SCR,No
Puerto Rico,2021,6258,18.14687,-67.32772,34,HARD,No
Puerto Rico,2021,6267,18.15657,-67.31189,30,PVMT,No
Puerto Rico,2021,6268,18.15758,-67.34215,48,HARD,No
Puerto Rico,2021,6270,18.15854,-67.23958,10.5,PVMT,No
Puerto Rico,2021,6272,18.16094,-67.33215,30.5,HARD,No
Puerto Rico,2021,6273,18.16003,-67.25841,20.5,AGRF,No
Puerto Rico,2021,6274,18.1612,-67.32754,34,HARD,No
Puerto Rico,2021,6275,18.14253,-65.71236,43.5,PTRF,No
Puerto Rico,2021,6283,18.19233,-67.22256,21.5,AGRF,No
Puerto Rico,2021,6285,18.19804,-67.20896,16,PVMT,No
Puerto Rico,2021,6286,18.17707,-65.53025,37.5,PTRF,No
Puerto Rico,2021,6287,18.17707,-65.46741,15.5,PVMT,No
Puerto Rico,2021,6292,18.20325,-65.48902,55.5,SCR,No
Puerto Rico,2021,6293,18.20545,-65.4456,65,PTRF,No
Puerto Rico,2021,6294,18.2139,-65.5555,34,PVMT,No
Puerto Rico,2021,6296,18.23022,-65.51653,22,AGRF,No
Puerto Rico,2021,6297,18.2298,-65.41121,74.5,PTRF,No
Puerto Rico,2021,6300,18.24686,-65.57662,18,BDRK,No
Puerto Rico,2021,6303,18.25342,-65.54008,55.5,PVMT,No
Puerto Rico,2021,6304,18.25023,-65.25021,79,PTRF,No
Puerto Rico,2021,6305,18.25216,-65.26327,87.5,PTRF,No
Puerto Rico,2021,6307,18.25974,-65.47101,32,PVMT,No
Puerto Rico,2021,6309,18.26692,-65.47047,50.5,PVMT,No
Puerto Rico,2021,6311,18.26674,-65.26691,91,PTRF,No
Puerto Rico,2021,6312,18.29521,-67.24527,53,AGRF,No
Puerto Rico,2021,6315,18.27344,-65.47371,57,PVMT,No
Puerto Rico,2021,6318,18.27269,-65.27034,74.5,PVMT,No
Puerto Rico,2021,6319,18.27425,-65.22095,64.5,PVMT,No
Puerto Rico,2021,6322,18.28505,-65.19649,86.5,AGRF,No
Puerto Rico,2021,6324,18.2868,-65.20839,77,PVMT,No
Puerto Rico,2021,6325,18.28879,-65.25213,50,PTRF,No
Puerto Rico,2021,6326,18.28828,-65.20918,77.5,PVMT,No
Puerto Rico,2021,6327,18.29171,-65.3019,31,PVMT,No
Puerto Rico,2021,6328,18.29806,-65.57461,49.5,PTRF,No
Puerto Rico,2021,6329,18.29265,-65.25646,3.5,PTRF,No
Puerto Rico,2021,6330,18.29207,-65.20173,73.5,AGRF,No
Puerto Rico,2021,6333,18.29649,-65.26908,5,AGRF,No
Puerto Rico,2021,6337,18.29733,-65.17326,92,AGRF,No
Puerto Rico,2021,6338,18.30068,-65.32681,24.5,PVMT,No
Puerto Rico,2021,6339,18.30095,-65.32191,69.5,SCR,No
Puerto Rico,2021,6341,18.30149,-65.24396,34.5,AGRF,No
Puerto Rico,2021,6342,18.30264,-65.23589,71.5,PTRF,No
Puerto Rico,2021,6344,18.30559,-65.31516,42,PTRF,No
Puerto Rico,2021,6345,18.32654,-65.37584,5,BDRK,No
Puerto Rico,2021,6347,18.30658,-65.32684,29,PTRF,No
Puerto Rico,2021,6352,18.30618,-65.20665,85,AGRF,No
Puerto Rico,2021,6357,18.31087,-65.33546,5,PVMT,No
Puerto Rico,2021,6360,18.3123,-65.33817,41.5,AGRF,No
Puerto Rico,2021,6364,18.31375,-65.32394,57.5,SCR,No
Puerto Rico,2021,6366,18.31484,-65.33157,3,BDRK,No
Puerto Rico,2021,6367,18.3145,-65.31828,6.5,BDRK,No
Puerto Rico,2021,6368,18.31588,-65.33109,16,BDRK,No
Puerto Rico,2021,6369,18.3157,-65.32677,60,SCR,No
Puerto Rico,2021,6374,18.31708,-65.33337,39,SCR,No
Puerto Rico,2021,6376,18.3154,-65.23924,27,PTRF,No
Puerto Rico,2021,6377,18.34498,-67.26604,23.5,PTRF,No
Puerto Rico,2021,6380,18.31514,-65.16991,92,AGRF,No
Puerto Rico,2021,6385,18.34676,-67.26694,19.5,AGRF,No
Puerto Rico,2021,6386,18.34686,-67.2651,13.5,AGRF,No
Puerto Rico,2021,6389,18.34783,-67.27162,54.5,AGRF,No
Puerto Rico,2021,6391,18.31843,-65.24077,51.5,PTRF,No
Puerto Rico,2021,6395,18.32128,-65.33337,48,PVMT,No
Puerto Rico,2021,6399,18.35056,-67.26813,9.5,PVMT,No
Puerto Rico,2021,6400,18.3503,-67.26704,10.5,AGRF,No
Puerto Rico,2021,6407,18.32425,-65.33233,35.5,SCR,No
Puerto Rico,2021,6408,18.32659,-65.3757,30,BDRK,No
Puerto Rico,2021,6409,18.32714,-65.24486,53,SCR,No
Puerto Rico,2021,6411,18.33053,-65.33249,5.5,AGRF,No
Puerto Rico,2021,6412,18.33011,-65.23572,33,PVMT,No
Puerto Rico,2021,6420,18.34494,-65.57377,18,PTRF,No
Puerto Rico,2021,6421,18.34146,-65.32771,15,PVMT,No
Puerto Rico,2021,6422,18.3407,-65.30966,48.5,AGRF,No
Puerto Rico,2021,6426,18.34409,-65.32757,41,PTRF,No
Puerto Rico,2021,6428,18.37505,-67.24622,5,PVMT,No
Puerto Rico,2021,6429,18.35074,-65.53104,73,SCR,No
Puerto Rico,2021,6430,18.34729,-65.3508,74.5,PVMT,No
Puerto Rico,2021,6434,18.37891,-67.48477,62.5,AGRF,No
Puerto Rico,2021,6435,18.37899,-67.48338,42,AGRF,No
Puerto Rico,2021,6436,18.35557,-65.60235,40.5,PVMT,No
Puerto Rico,2021,6437,18.35495,-65.57593,38.5,SCR,No
Puerto Rico,2021,6440,18.38023,-67.47386,38.5,PVMT,No
Puerto Rico,2021,6442,18.35598,-65.57395,14,PVMT,No
Puerto Rico,2021,6446,18.3559,-65.54643,63,PTRF,No
Puerto Rico,2021,6448,18.3815,-67.48654,27,BDRK,No
Puerto Rico,2021,6449,18.3821,-67.489,52.5,PVMT,No
Puerto Rico,2021,6450,18.35665,-65.53608,45,PVMT,No
Puerto Rico,2021,6454,18.38269,-67.23356,45.5,PVMT,No
Puerto Rico,2021,6457,18.386,-67.4719,69,PVMT,No
Puerto Rico,2021,6458,18.38684,-67.48999,51.5,BDRK,No
Puerto Rico,2021,6462,18.35736,-65.33476,75.5,PVMT,No
Puerto Rico,2021,6465,18.36146,-65.53322,5.5,AGRF,No
Puerto Rico,2021,6466,18.38765,-67.49009,55.5,BDRK,No
Puerto Rico,2021,6468,18.35834,-65.30966,79.5,PVMT,No
Puerto Rico,2021,6471,18.38677,-67.22589,40.5,AGRF,No
Puerto Rico,2021,6479,18.3914,-67.48371,27,BDRK,No
Puerto Rico,2021,6482,18.39295,-67.48177,55,AGRF,No
Puerto Rico,2021,6493,18.37656,-65.69236,35.5,AGRF,No
Puerto Rico,2021,6496,18.37627,-65.57298,6.5,AGRF,No
Puerto Rico,2021,6505,18.38535,-65.65609,40.5,AGRF,No
Puerto Rico,2021,6508,18.3857,-65.577,39.5,PVMT,No
Puerto Rico,2021,6515,18.38885,-65.59448,5,PTRF,No
Puerto Rico,2021,6518,18.38999,-65.56354,86.5,AGRF,No
Puerto Rico,2021,6525,18.39716,-65.68374,73.5,SCR,No
Puerto Rico,2021,6526,18.39569,-65.57587,88,AGRF,No
Puerto Rico,2021,6528,18.39762,-65.60046,34,PVMT,No
Puerto Rico,2021,6529,18.40111,-65.70496,51,AGRF,No
Puerto Rico,2021,6531,18.40086,-65.5938,74.5,AGRF,No
Puerto Rico,2021,6535,18.40387,-65.63025,63,PVMT,No
Puerto Rico,2021,6536,18.40383,-65.61546,25.5,PVMT,No
Puerto Rico,2021,6538,18.4069,-65.67841,68.5,PVMT,No
Puerto Rico,2021,6541,18.41196,-65.60187,92.5,AGRF,No
Puerto Rico,2021,6543,18.41538,-65.63486,75,PVMT,No
Puerto Rico,2021,6582,17.99709,-67.30399,62,PTRF,No
Puerto Rico,2021,6586,18.10403,-67.42928,86,HARD,No
Puerto Rico,2021,6587,18.08426,-65.62247,92,AGRF,No
Puerto Rico,2023,6000,18.08047,-65.47185,39,PVMT,No
Puerto Rico,2023,6003,18.08115,-65.47651,31,AGRF,No
Puerto Rico,2023,6006,18.08952,-65.72276,73.5,SCR,No
Puerto Rico,2023,6008,18.09049,-65.59618,51,AGRF,No
Puerto Rico,2023,6009,18.09272,-65.62521,69,AGRF,No
Puerto Rico,2023,6010,18.0898,-65.43671,10.5,PVMT,No
Puerto Rico,2023,6011,18.09646,-65.73634,43.5,AGRF,No
Puerto Rico,2023,6012,18.09425,-65.60744,58,AGRF,No
Puerto Rico,2023,6013,18.09461,-65.60364,55.5,AGRF,No
Puerto Rico,2023,6014,18.099240000000002,-65.66872,74,PVMT,No
Puerto Rico,2023,6015,18.09976,-65.62051,49,AGRF,No
Puerto Rico,2023,6018,18.10605,-65.71065,70,PTRF,No
Puerto Rico,2023,6020,18.10581,-65.60492,45,PVMT,No
Puerto Rico,2023,6025,18.11096,-65.57681,14.5,BDRK,No
Puerto Rico,2023,6026,18.10716,-65.37407,20.5,PVMT,No
Puerto Rico,2023,6029,18.11581,-65.70653,37.5,PVMT,No
Puerto Rico,2023,6033,18.11819,-65.63007,52.5,PVMT,No
Puerto Rico,2023,6035,18.11685,-65.29906,72.5,PTRF,No
Puerto Rico,2023,6036,18.12323,-65.63988,62.5,SCR,No
Puerto Rico,2023,6037,18.12501,-65.68609,34.5,PVMT,No
Puerto Rico,2023,6040,18.12184,-65.2907,32,PVMT,No
Puerto Rico,2023,6042,18.12522,-65.27867,36.5,PVMT,No
Puerto Rico,2023,6043,18.13804,-65.71562,43,PTRF,No
Puerto Rico,2023,6045,18.14149,-65.70248,39.5,PTRF,No
Puerto Rico,2023,6046,18.14049,-65.62746,46,SCR,No
Puerto Rico,2023,6047,18.14587,-65.71835,24.5,PTRF,No
Puerto Rico,2023,6048,18.14311,-65.26626,66.5,PVMT,No
Puerto Rico,2023,6050,18.15415,-65.67169,30,PVMT,No
Puerto Rico,2023,6051,18.1489,-65.29688,13.5,PVMT,No
Puerto Rico,2023,6056,18.16201,-65.4121,20.5,AGRF,No
Puerto Rico,2023,6058,18.17314,-65.449700000000007,48.5,PTRF,No
Puerto Rico,2023,6061,18.18761,-65.47015,48.5,PVMT,No
Puerto Rico,2023,6062,18.19431,-65.50897,48.5,PTRF,No
Puerto Rico,2023,6064,18.20004,-65.4893,57.5,PVMT,No
Puerto Rico,2023,6066,18.21951,-65.39778,73.5,PVMT,No
Puerto Rico,2023,6067,18.22345,-65.55703,20,PVMT,No
Puerto Rico,2023,6068,18.22114,-65.38777,59.5,PVMT,No
Puerto Rico,2023,6073,18.24913,-65.24978,77.5,PTRF,No
Puerto Rico,2023,6078,18.28045,-65.25998,18,PTRF,No
Puerto Rico,2023,6083,18.29375,-65.219220000000007,72,PVMT,No
Puerto Rico,2023,6090,18.30258,-65.32751,16,AGRF,No
Puerto Rico,2023,6097,18.30438,-65.23868,64,AGRF,No
Puerto Rico,2023,6098,18.30644,-65.31644,38,PTRF,No
Puerto Rico,2023,6099,18.30634,-65.31531,32.5,PTRF,No
Puerto Rico,2023,6103,18.30774,-65.32098,56.5,PVMT,No
Puerto Rico,2023,6105,18.30646,-65.22584,14,AGRF,No
Puerto Rico,2023,6107,18.30949,-65.32732,24,SCR,No
Puerto Rico,2023,6108,18.30937,-65.32604,53,PVMT,No
Puerto Rico,2023,6116,18.31354,-65.32279,49.5,PVMT,No
Puerto Rico,2023,6119,18.31531,-65.33191,12.5,PVMT,No
Puerto Rico,2023,6121,18.31655,-65.32151,41,SCR,No
Puerto Rico,2023,6124,18.31556,-65.20602,88.5,PVMT,No
Puerto Rico,2023,6125,18.3185,-65.3334,46,PVMT,No
Puerto Rico,2023,6127,18.31903,-65.32008,9.5,SCR,No
Puerto Rico,2023,6128,18.31793,-65.24526,51,AGRF,No
Puerto Rico,2023,6129,18.3235,-65.32852,8.5,AGRF,No
Puerto Rico,2023,6130,18.32219,-65.24865,66,AGRF,No
Puerto Rico,2023,6131,18.33452,-65.39247,16,BDRK,No
Puerto Rico,2023,6136,18.33695,-65.26315,10.5,AGRF,No
Puerto Rico,2023,6143,18.34227,-65.39671,84.5,PVMT,No
Puerto Rico,2023,6145,18.34614,-65.56055,10.5,AGRF,No
Puerto Rico,2023,6146,18.34533,-65.53519,73.5,PVMT,No
Puerto Rico,2023,6150,18.34422,-65.33038,20.5,PVMT,No
Puerto Rico,2023,6151,18.34905,-65.56262,46,SCR,No
Puerto Rico,2023,6153,18.3509,-65.57314,14.5,SCR,No
Puerto Rico,2023,6154,18.3521,-65.58219,45.5,SCR,No
Puerto Rico,2023,6157,18.35519,-65.58097,45,PVMT,No
Puerto Rico,2023,6159,18.35561,-65.57437,14,PTRF,No
Puerto Rico,2023,6160,18.35545,-65.57115,24,AGRF,No
Puerto Rico,2023,6162,18.3504,-65.29925,43,PVMT,No
Puerto Rico,2023,6164,18.35262,-65.28495,79.5,AGRF,No
Puerto Rico,2023,6165,18.3536,-65.30254,71.5,AGRF,No
Puerto Rico,2023,6166,18.36072,-65.58206,44.5,PTRF,No
Puerto Rico,2023,6167,18.36082,-65.58112,46,PTRF,No
Puerto Rico,2023,6169,18.35699,-65.33742,73.5,AGRF,No
Puerto Rico,2023,6170,18.35681,-65.32558,65,AGRF,No
Puerto Rico,2023,6173,18.3603,-65.36304,73.5,PVMT,No
Puerto Rico,2023,6177,18.37758,-65.56664,6,AGRF,No
Puerto Rico,2023,6178,18.37698,-65.61385,24,AGRF,No
Puerto Rico,2023,6179,18.38829,-65.56245,75,AGRF,No
Puerto Rico,2023,6181,18.39064,-65.57349,75.5,AGRF,No
Puerto Rico,2023,6182,18.39294,-65.59457,11,AGRF,No
Puerto Rico,2023,6184,18.39821,-65.58961,84.5,PVMT,No
Puerto Rico,2023,6186,18.40137,-65.5926,83.5,AGRF,No
Puerto Rico,2023,6187,18.411740000000002,-65.59412,83,AGRF,No
Puerto Rico,2023,6188,18.29413,-67.24479,78,PVMT,No
Puerto Rico,2023,6197,18.34634,-67.26889,21.5,AGRF,No
Puerto Rico,2023,6198,18.34624,-67.26472,10,AGRF,No
Puerto Rico,2023,6199,18.34685,-67.26422,27.5,PVMT,No
Puerto Rico,2023,6200,18.34836,-67.27034,28.5,AGRF,No
Puerto Rico,2023,6201,18.34901,-67.27077,28,AGRF,No
Puerto Rico,2023,6202,18.34997,-67.26649,10,AGRF,No
Puerto Rico,2023,6205,18.35094,-67.26704,6.5,AGRF,No
Puerto Rico,2023,6206,18.38189,-67.24387,65.5,PVMT,No
Puerto Rico,2023,6210,18.38498,-67.23721,60.5,PVMT,No
Puerto Rico,2023,6222,18.37771,-65.6544,29,AGRF,No
Puerto Rico,2023,6231,18.38353,-65.65176,47,AGRF,No
Puerto Rico,2023,6232,18.38331,-65.63633,25.5,AGRF,No
Puerto Rico,2023,6236,18.38538,-65.65288,41.5,AGRF,No
Puerto Rico,2023,6241,18.38921,-65.6486,55.5,PTRF,No
Puerto Rico,2023,6243,18.39319,-65.69898,74,SCR,No
Puerto Rico,2023,6249,18.39984,-65.73811,29,PVMT,No
Puerto Rico,2023,6250,18.39961,-65.64725,73.5,PVMT,No
Puerto Rico,2023,6252,18.40113,-65.65187,68.5,PVMT,No
Puerto Rico,2023,6254,18.40522,-65.70521,69,PTRF,No
Puerto Rico,2023,6255,18.40784,-65.7248,57.5,PVMT,No
Puerto Rico,2023,6256,18.41177,-65.7468,44.5,AGRF,No
Puerto Rico,2023,6257,18.41545,-65.62348,84,PVMT,No
Puerto Rico,2023,6262,18.46183,-67.16788,9.5,PVMT,No
Puerto Rico,2023,6270,18.45832,-66.03634,7.5,PTRF,No
Puerto Rico,2023,6274,18.46207,-66.0331,15,AGRF,No
Puerto Rico,2023,6276,18.46545,-66.07044,15.5,AGRF,No
Puerto Rico,2023,6279,18.46688,-66.07282,17.5,PVMT,No
Puerto Rico,2023,6282,18.46964,-66.08637,22,PVMT,No
Puerto Rico,2023,6300,17.87628,-67.13582,98,AGRF,No
Puerto Rico,2023,6301,17.86274,-66.15728,87,AGRF,No
Puerto Rico,2023,6302,17.87659,-67.09133,62.5,PVMT,No
Puerto Rico,2023,6306,17.87222,-66.54339,72.5,SCR,No
Puerto Rico,2023,6310,17.88141,-67.11199,66,AGRF,No
Puerto Rico,2023,6311,17.87307,-66.54558,70.5,SCR,No
Puerto Rico,2023,6313,17.88516,-67.23323,53.5,AGRF,No
Puerto Rico,2023,6317,17.87703,-66.54302,42.5,PVMT,No
Puerto Rico,2023,6324,17.88981,-67.25259,61,AGRF,No
Puerto Rico,2023,6330,17.87824,-66.13917,87.5,AGRF,No
Puerto Rico,2023,6332,17.89193,-66.98938,63,AGRF,No
Puerto Rico,2023,6334,17.88428,-66.46528,31.5,PVMT,No
Puerto Rico,2023,6341,17.8967,-67.05898,67.5,AGRF,No
Puerto Rico,2023,6347,17.89972,-66.96137,63,AGRF,No
Puerto Rico,2023,6348,17.88788,-66.17308,77.5,SCR,No
Puerto Rico,2023,6349,17.89307,-66.48378,45.5,SCR,No
Puerto Rico,2023,6350,17.88803,-66.1025,71.5,AGRF,No
Puerto Rico,2023,6351,17.9024,-67.08776,66,AGRF,No
Puerto Rico,2023,6353,17.89388,-66.4483,38,PVMT,No
Puerto Rico,2023,6356,17.90772,-67.22502,35,AGRF,No
Puerto Rico,2023,6357,17.90499,-66.94668,43,PVMT,No
Puerto Rico,2023,6358,17.89808,-66.43413,36.5,PVMT,No
Puerto Rico,2023,6359,17.89302,-66.09035,77.5,AGRF,No
Puerto Rico,2023,6361,17.9078,-67.09961,70.5,AGRF,No
Puerto Rico,2023,6362,17.89925,-66.45613,28.5,AGRF,No
Puerto Rico,2023,6363,17.90038,-66.48952,32.5,PVMT,No
Puerto Rico,2023,6364,17.90871,-67.04241,44.5,PVMT,No
Puerto Rico,2023,6366,17.90033,-66.47272,34,PVMT,No
Puerto Rico,2023,6369,17.9133,-67.14472,39.5,PVMT,No
Puerto Rico,2023,6371,17.91366,-66.99241,58,AGRF,No
Puerto Rico,2023,6372,17.91642,-67.23589,31,PVMT,No
Puerto Rico,2023,6376,17.90301,-66.08219,59.5,PVMT,No
Puerto Rico,2023,6377,17.92041,-67.17897,40,SCR,No
Puerto Rico,2023,6378,17.92005,-67.05427,62.5,PTRF,No
Puerto Rico,2023,6379,17.91947,-66.90306,44,PVMT,No
Puerto Rico,2023,6380,17.91933,-66.89136,31,PVMT,No
Puerto Rico,2023,6381,17.90828,-66.0803,40.5,AGRF,No
Puerto Rico,2023,6382,17.92335,-67.09785,17,AGRF,No
Puerto Rico,2023,6385,17.92398,-67.07714,41.5,PVMT,No
Puerto Rico,2023,6387,17.92521,-67.06542,62,PTRF,No
Puerto Rico,2023,6390,17.92706,-67.06578,60,AGRF,No
Puerto Rico,2023,6394,17.92961,-67.09968,35,AGRF,No
Puerto Rico,2023,6395,17.91913,-66.12916,42,AGRF,No
Puerto Rico,2023,6400,17.93517,-67.11572,21,PTRF,No
Puerto Rico,2023,6401,17.9342,-67.01152,18.5,PVMT,No
Puerto Rico,2023,6408,17.93565,-66.89915,18.5,AGRF,No
Puerto Rico,2023,6409,17.93824,-67.06047,35.5,PTRF,No
Puerto Rico,2023,6412,17.93973,-67.04628,9,AGRF,No
Puerto Rico,2023,6413,17.93851,-66.8671,18.5,AGRF,No
Puerto Rico,2023,6414,17.94311,-67.3023,59.5,PVMT,No
Puerto Rico,2023,6417,17.92738,-66.05867,31.5,AGRF,No
Puerto Rico,2023,6418,17.94062,-66.8948,22.5,PTRF,No
Puerto Rico,2023,6420,17.94654,-67.23027,24.5,SCR,No
Puerto Rico,2023,6421,17.9304,-66.05618,20,AGRF,No
Puerto Rico,2023,6422,17.94247,-66.70504,30.5,AGRF,No
Puerto Rico,2023,6424,17.94825,-67.07261,49,PTRF,No
Puerto Rico,2023,6427,17.94552,-66.6197,31,AGRF,No
Puerto Rico,2023,6428,17.94859,-66.79571,54,AGRF,No
Puerto Rico,2023,6429,17.94854,-66.69135,32,PVMT,No
Puerto Rico,2023,6430,17.94859,-66.67474,20.5,AGRF,No
Puerto Rico,2023,6433,17.95749,-67.06972,16,AGRF,No
Puerto Rico,2023,6436,17.96405,-67.31223,53,PVMT,No
Puerto Rico,2023,6438,17.9632,-67.02295,44,SCR,No
Puerto Rico,2023,6445,17.97276,-67.3131,51.5,AGRF,No
Puerto Rico,2023,6456,17.99474,-67.35021,34,AGRF,No
Puerto Rico,2023,6457,17.99458,-67.32847,53,AGRF,No
Puerto Rico,2023,6458,17.99492,-67.27559,47.5,PTRF,No
Puerto Rico,2023,6459,18.00279,-67.38798,55,AGRF,No
Puerto Rico,2023,6460,18.00632,-67.36,57,PVMT,No
Puerto Rico,2023,6462,18.01857,-67.33779,55.5,AGRF,No
Puerto Rico,2023,6463,18.01831,-67.28812,59,PTRF,No
Puerto Rico,2023,6464,18.02346,-67.37635,65.5,PVMT,No
Puerto Rico,2023,6465,18.02639,-67.34847,56.5,AGRF,No
Puerto Rico,2023,6467,18.02889,-67.37483,67,PVMT,No
Puerto Rico,2023,6469,18.03786,-67.39144,40,AGRF,No
Puerto Rico,2023,6471,18.03939,-67.33287,86,PTRF,No
Puerto Rico,2023,6472,18.04025,-67.29278,48,PTRF,No
Puerto Rico,2023,6474,18.05102,-67.90421,51.5,SCR,No
Puerto Rico,2023,6478,18.05373,-67.90136,19,PVMT,No
Puerto Rico,2023,6480,18.05487,-67.86414,48.5,AGRF,No
Puerto Rico,2023,6487,18.05971,-67.91601,24,PVMT,No
Puerto Rico,2023,6489,18.06065,-67.85603,42.5,AGRF,No
Puerto Rico,2023,6498,18.06703,-67.4148,50.5,AGRF,No
Puerto Rico,2023,6499,18.07329,-67.85531,28.5,PVMT,No
Puerto Rico,2023,6500,18.05791,-67.916,60,AGRF,No
Puerto Rico,2023,6503,18.07861,-67.42306,50,AGRF,No
Puerto Rico,2023,6506,18.08436,-67.42159,37,AGRF,No
Puerto Rico,2023,6507,18.08318,-67.30361,41,PVMT,No
Puerto Rico,2023,6508,18.09082,-67.94441,32.5,PTRF,No
Puerto Rico,2023,6509,18.09602,-67.94736,52,PVMT,No
Puerto Rico,2023,6510,18.08991,-67.2005,2,AGRF,No
Puerto Rico,2023,6511,18.09265,-67.42525,51,AGRF,No
Puerto Rico,2023,6513,18.0971,-67.28452,10,AGRF,No
Puerto Rico,2023,6517,18.10381,-67.18527,4.5,AGRF,No
Puerto Rico,2023,6518,18.1143,-67.88381,60,BDRK,No
Puerto Rico,2023,6519,18.11482,-67.27469,55,PTRF,No
Puerto Rico,2023,6520,18.12829,-67.28332,30,PVMT,No
Puerto Rico,2023,6521,18.13133,-67.31394,39,PVMT,No
Puerto Rico,2023,6522,18.13295,-67.29462,36,SCR,No
Puerto Rico,2023,6523,18.13766,-67.32953,39.5,PVMT,No
Puerto Rico,2023,6525,18.39986,-65.73811,44.5,PVMT,No
Puerto Rico,2023,6526,18.14574,-67.31766,35,PVMT,No
Puerto Rico,2023,6527,18.14593,-67.2698,76,PVMT,No
Puerto Rico,2023,6528,18.14586,-67.26849,51,PTRF,No
Puerto Rico,2023,6529,18.12829,-67.28332,27.5,PVMT,No
Puerto Rico,2023,6532,18.15134,-67.33173,37,PVMT,No
Puerto Rico,2023,6533,18.15076,-67.21834,16.5,PVMT,No
Puerto Rico,2023,6534,18.15262,-67.23525,17.5,PVMT,No
Puerto Rico,2023,6535,18.15547,-67.23734,21.5,SCR,No
Puerto Rico,2023,6536,18.1563,-67.28874,25.5,PVMT,No
Puerto Rico,2023,6539,18.17212,-67.23377,22,AGRF,No
Puerto Rico,2023,6540,18.18556,-67.22555,22.5,PVMT,No
Puerto Rico,2023,6542,18.20255,-67.20033,24.5,PVMT,No
Puerto Rico,2023,6543,18.20745,-67.19934,16,PVMT,No
Puerto Rico,2023,6550,18.37996,-67.4865,46,AGRF,No
Puerto Rico,2023,6554,18.38457,-67.47326,29,BDRK,No
Puerto Rico,2023,6555,18.38518,-67.47417,23,BDRK,No
Puerto Rico,2023,6557,18.38587,-67.47178,72.5,AGRF,No
Puerto Rico,2023,6558,18.38674,-67.47503,28.5,BDRK,No
Puerto Rico,2023,6559,18.38752,-67.48754,25.5,BDRK,No
Puerto Rico,2023,6560,18.38843,-67.48895,58.5,AGRF,No
Puerto Rico,2023,6562,18.39059,-67.48701,58,BDRK,No
Puerto Rico,2023,6566,17.91668,-66.1234,32.5,AGRF,No
Puerto Rico,2023,6569,18.48156,-66.68958,9,SCR,No
Puerto Rico,2023,6571,18.49277,-66.67816,68,PVMT,No
Puerto Rico,2023,6572,18.48844,-66.66719,8.5,PVMT,No
Puerto Rico,2023,6573,18.48981,-66.6574,11,PVMT,No
Puerto Rico,2023,6574,18.49307,-66.63844,21,BDRK,No
Puerto Rico,2023,6592,18.46817,-66.09867,8.5,AGRF,No
Puerto Rico,2023,6593,18.47004,-66.1044,14,AGRF,No
Puerto Rico,2023,6594,18.47018,-66.08486,21,PVMT,No
Puerto Rico,2023,6597,18.46033,-66.07132,22.5,PTRF,No
Puerto Rico,2023,6599,18.46428,-66.05467,20,PTRF,No
Puerto Rico,2023,6600,18.46642,-66.0666,19,AGRF,No
Puerto Rico,2025,6001,18.30038,-65.32077,57,AGRF,Yes
Puerto Rico,2025,6002,18.38673,-65.56195,78,AGRF,Yes
Puerto Rico,2025,6003,18.40543,-65.58678,81,AGRF,Yes
Puerto Rico,2025,6004,18.0865,-65.6005,76.5,AGRF,Yes
Puerto Rico,2025,6005,18.35039,-65.28011,80,AGRF,Yes
Puerto Rico,2025,6006,18.1605,-65.3286,50,AGRF,Yes
Puerto Rico,2025,6007,18.35369,-65.32672,67,AGRF,Yes
Puerto Rico,2025,6011,18.39073,-65.65547,49,AGRF,Yes
Puerto Rico,2025,6012,18.38756,-65.6545,48.5,AGRF,Yes
Puerto Rico,2025,6013,18.4601,-66.00422,44.5,AGRF,Yes
Puerto Rico,2025,6014,18.29301,-67.24133,40.5,AGRF,Yes
Puerto Rico,2025,6015,18.37892,-67.48476,60.5,AGRF,Yes
Puerto Rico,2025,6016,18.38165,-67.48853,61,AGRF,Yes
Puerto Rico,2025,6017,18.05487,-67.86362,43.5,AGRF,Yes
Puerto Rico,2025,6018,18.09574,-67.95147,75.5,AGRF,Yes
Puerto Rico,2025,6019,18.08106,-67.42367,36.5,PVMT,Yes
Puerto Rico,2025,6020,17.89138,-67.02763,50.5,AGRF,Yes
Puerto Rico,2025,6021,17.88578,-67.09188,59.5,AGRF,Yes
Puerto Rico,2025,6022,17.90465,-67.09402,73.5,AGRF,Yes
Puerto Rico,2025,6023,17.94853,-67.01087,36,AGRF,Yes
Puerto Rico,2025,6024,17.89534,-67.01435,51,AGRF,Yes
Puerto Rico,2025,6025,17.88657,-67.09003,56.5,AGRF,Yes
Puerto Rico,2025,6026,17.89455,-67.07054,73,AGRF,Yes
Puerto Rico,2025,6027,17.89181,-67.07887,62.5,AGRF,Yes
Puerto Rico,2025,6028,18.0462,-67.37278,72.5,PVMT,Yes
Puerto Rico,2025,6029,17.90791,-67.09096,62.5,AGRF,Yes
Puerto Rico,2025,6030,17.88225,-67.0651,61,AGRF,Yes
Puerto Rico,2025,6031,18.00692,-67.36727,39.5,AGRF,Yes
Puerto Rico,2025,6032,17.99246,-67.36028,55.5,AGRF,Yes
Puerto Rico,2025,6033,18.09738,-67.42685,42,PVMT,Yes
Puerto Rico,2025,6034,18.0392,-67.36486,75,AGRF,Yes
Puerto Rico,2025,6035,18.00272,-67.37182,54,PVMT,Yes
Puerto Rico,2025,6036,17.91993,-66.25894,49.5,AGRF,Yes
Puerto Rico,2025,6037,17.98626,-67.35635,52,AGRF,Yes
Puerto Rico,2025,6038,18.01359,-67.38168,53.5,AGRF,Yes
Puerto Rico,2025,6039,17.98267,-67.35644,54.5,AGRF,Yes
Puerto Rico,2025,6041,18.10421,-67.42393,45.5,PVMT,Yes
Puerto Rico,2025,6042,18.03382,-67.35506,76,AGRF,Yes
Puerto Rico,2025,6043,17.91887,-67.0598,54.5,AGRF,Yes
Puerto Rico,2025,6044,18.32347,-65.32734,5.5,AGRF,Yes
Puerto Rico,2025,6046,18.38792,-65.61738,25.5,AGRF,Yes
Puerto Rico,2025,6047,18.15915,-65.36298,8,AGRF,Yes
Puerto Rico,2025,6050,18.1066,-65.3637,16,AGRF,Yes
Puerto Rico,2025,6051,18.39288,-65.74612,2.5,AGRF,Yes
Puerto Rico,2025,6052,18.38637,-65.71246,23.5,AGRF,Yes
Puerto Rico,2025,6053,18.4779,-66.31316,7.5,AGRF,Yes
Puerto Rico,2025,6054,18.47715,-66.14056,16.5,BDRK,Yes
Puerto Rico,2025,6056,18.49298,-66.42005,19.5,AGRF,Yes
Puerto Rico,2025,6057,18.30998,-67.24358,27.5,PTRF,Yes
Puerto Rico,2025,6058,18.46451,-65.98995,35.5,AGRF,Yes
Puerto Rico,2025,6060,18.09865,-67.93745,21.5,AGRF,Yes
Puerto Rico,2025,6062,17.96926,-65.95836,18,AGRF,Yes
Puerto Rico,2025,6063,17.942,-66.91092,31.5,AGRF,Yes
Puerto Rico,2025,6065,17.96659,-66.63885,15.5,SCR,Yes
Puerto Rico,2025,6066,17.93257,-67.18108,26,SCR,Yes
Puerto Rico,2025,6067,17.91822,-67.1291,18.5,AGRF,Yes
Puerto Rico,2025,6069,17.97519,-65.91556,25,PTRF,Yes
Puerto Rico,2025,6070,17.93854,-66.87029,10.5,AGRF,Yes
Puerto Rico,2025,6071,18.32315,-65.33101,6.5,BDRK,Yes
Puerto Rico,2025,6072,18.32009,-65.35438,18.5,BDRK,Yes
Puerto Rico,2025,6073,18.33433,-65.39034,14,BDRK,Yes
Puerto Rico,2025,6074,18.15475,-65.73512,5,BDRK,Yes
Puerto Rico,2025,6075,18.24483,-65.59413,4.5,BDRK,Yes
Puerto Rico,2025,6077,18.48932,-67.16369,6.5,PVMT,Yes
Puerto Rico,2025,6078,18.48966,-66.93061,18.5,BDRK,Yes
Puerto Rico,2025,6080,18.38518,-67.47345,40,BDRK,Yes
Puerto Rico,2025,6081,18.38662,-67.48802,24,BDRK,Yes
Puerto Rico,2025,6082,18.08907,-67.84301,44.5,BDRK,Yes
Puerto Rico,2025,6083,18.10128,-67.84532,18.5,BDRK,Yes
Puerto Rico,2025,6084,17.95035,-66.04877,6,AGRF,Yes
Puerto Rico,2025,6086,18.40197,-65.57683,88,PTRF,Yes
Puerto Rico,2025,6088,18.219,-65.3902,63.5,SCR,Yes
Puerto Rico,2025,6089,18.1012,-65.6403,81,AGRF,Yes
Puerto Rico,2025,6090,18.11442,-65.71229,42.5,SCR,Yes
Puerto Rico,2025,6091,18.18364,-65.58269,42.5,PVMT,Yes
Puerto Rico,2025,6092,18.2124,-65.4517,56.5,PVMT,Yes
Puerto Rico,2025,6093,18.29633,-65.23383,37,AGRF,Yes
Puerto Rico,2025,6094,18.25715,-65.2294,72.5,PTRF,Yes
Puerto Rico,2025,6095,18.13964,-65.6651,60.5,PTRF,Yes
Puerto Rico,2025,6096,18.1947,-65.4705,40.5,PTRF,Yes
Puerto Rico,2025,6097,18.0954,-65.6187,74.5,AGRF,Yes
Puerto Rico,2025,6100,18.310669999999998,-65.24059,44.5,PTRF,Yes
Puerto Rico,2025,6102,18.39242,-65.69755,63,PTRF,Yes
Puerto Rico,2025,6103,18.00573,-67.33179,43,AGRF,Yes
Puerto Rico,2025,6104,17.92222,-66.0997,43,PTRF,Yes
Puerto Rico,2025,6105,17.8889,-66.46147,36.5,PVMT,Yes
Puerto Rico,2025,6106,18.00704,-67.34763,56,PTRF,Yes
Puerto Rico,2025,6107,17.94106,-67.31969,53,PTRF,Yes
Puerto Rico,2025,6108,17.92608,-67.10032,46.5,SCR,Yes
Puerto Rico,2025,6109,18.05088,-67.27236,47.5,AGRF,Yes
Puerto Rico,2025,6110,17.94333,-67.3176,52.5,PVMT,Yes
Puerto Rico,2025,6111,17.885,-67.11463,82.5,PTRF,Yes
Puerto Rico,2025,6112,17.87471,-67.11896,69.5,AGRF,Yes
Puerto Rico,2025,6113,17.973020000000002,-67.34419,48.5,PTRF,Yes
Puerto Rico,2025,6114,17.98114,-67.34342,50,PTRF,Yes
Puerto Rico,2025,6115,17.90873,-67.00145,72,PVMT,Yes
Puerto Rico,2025,6116,17.99977,-67.34251,50,SCR,Yes
Puerto Rico,2025,6117,18.3054,-65.3279,14.5,PTRF,Yes
Puerto Rico,2025,6118,18.34734,-65.5707,8,PTRF,Yes
Puerto Rico,2025,6119,18.25214,-65.5833,5.5,PTRF,Yes
Puerto Rico,2025,6120,18.28779,-65.23572,25.5,PTRF,Yes
Puerto Rico,2025,6122,18.39682,-65.73994,24.5,PTRF,Yes
Puerto Rico,2025,6123,18.39546,-65.74313,21,PTRF,Yes
Puerto Rico,2025,6124,18.45732,-66.0492,16.5,PTRF,Yes
Puerto Rico,2025,6125,18.4648,-66.05498,15,AGRF,Yes
Puerto Rico,2025,6126,17.94335,-67.09485,22.5,PTRF,Yes
Puerto Rico,2025,6127,18.12856,-67.25596,16,PVMT,Yes
Puerto Rico,2025,6128,18.13617,-67.29748,32.5,PVMT,Yes
Puerto Rico,2025,6129,17.97192,-66.74255,13,SCR,Yes
Puerto Rico,2025,6130,18.31447,-65.32388,61,SCR,Yes
Puerto Rico,2025,6133,18.35207,-65.4885,60,PVMT,Yes
Puerto Rico,2025,6136,18.27407,-65.21615,62,PVMT,Yes
Puerto Rico,2025,6138,18.27237,-65.54112,40.5,PVMT,Yes
Puerto Rico,2025,6140,18.105,-65.65472,80.5,PVMT,Yes
Puerto Rico,2025,6141,18.16184,-65.62737,39.5,SCR,Yes
Puerto Rico,2025,6142,18.32252,-65.52067,58.5,PVMT,Yes
Puerto Rico,2025,6144,18.11954,-65.66698,56.5,PVMT,Yes
Puerto Rico,2025,6145,18.09883,-65.66058,77.5,PVMT,Yes
Puerto Rico,2025,6146,18.09538,-65.70273,42.5,PVMT,Yes
Puerto Rico,2025,6147,18.1067,-65.3,39.5,PVMT,Yes
Puerto Rico,2025,6148,18.29789,-65.56892,45.5,PVMT,Yes
Puerto Rico,2025,6149,18.37019,-65.37397,81.5,PVMT,Yes
Puerto Rico,2025,6151,18.10699,-65.66942,88.5,SCR,Yes
Puerto Rico,2025,6152,18.40168,-65.63132,65,PVMT,Yes
Puerto Rico,2025,6153,18.41458,-65.74686,45,AGRF,Yes
Puerto Rico,2025,6154,18.38614,-67.23122,56,AGRF,Yes
Puerto Rico,2025,6155,18.35525,-67.27462,44.5,PVMT,Yes
Puerto Rico,2025,6156,18.38482,-67.49134,57,AGRF,Yes
Puerto Rico,2025,6157,18.39288,-67.48039,47,BDRK,Yes
Puerto Rico,2025,6158,18.05815,-67.85668,58,AGRF,Yes
Puerto Rico,2025,6159,18.04774,-67.88328,42,PVMT,Yes
Puerto Rico,2025,6160,17.90358,-67.06598,49.5,PVMT,Yes
Puerto Rico,2025,6162,17.96784,-67.32255,49.5,AGRF,Yes
Puerto Rico,2025,6164,17.91844,-66.93852,49,AGRF,Yes
Puerto Rico,2025,6167,17.9617,-67.34779,64.5,AGRF,Yes
Puerto Rico,2025,6169,17.87654,-66.24991,80.5,SCR,Yes
Puerto Rico,2025,6171,17.88238,-67.19077,67.5,PVMT,Yes
Puerto Rico,2025,6172,17.90318,-66.91,46,AGRF,Yes
Puerto Rico,2025,6174,17.91235,-66.07428,39.5,PVMT,Yes
Puerto Rico,2025,6175,17.87174,-66.167,85.5,AGRF,Yes
Puerto Rico,2025,6176,17.9023,-67.27607,65,PVMT,Yes
Puerto Rico,2025,6177,17.92487,-67.31805,67,SCR,Yes
Puerto Rico,2025,6178,18.02487,-67.31403,67.5,PTRF,Yes
Puerto Rico,2025,6180,17.8666,-66.28166,83,PVMT,Yes
Puerto Rico,2025,6181,17.90256,-66.95536,39.5,PVMT,Yes
Puerto Rico,2025,6182,17.906,-66.10185,40.5,PVMT,Yes
Puerto Rico,2025,6183,18.13807,-67.331,37,PVMT,Yes
Puerto Rico,2025,6184,17.88428,-66.15973,71.5,AGRF,Yes
Puerto Rico,2025,6185,17.86339,-67.10571,60,PVMT,Yes
Puerto Rico,2025,6186,17.98016,-67.32905,51,AGRF,Yes
Puerto Rico,2025,6187,17.92277,-67.29403,55,SCR,Yes
Puerto Rico,2025,6188,18.12079,-67.26835,42,AGRF,Yes
Puerto Rico,2025,6189,17.9175,-66.93003,45,PVMT,Yes
Puerto Rico,2025,6190,17.90397,-66.93487,42,PVMT,Yes
Puerto Rico,2025,6191,17.93906,-67.3046,58,SCR,Yes
Puerto Rico,2025,6192,17.9125,-67.30012,53.5,PVMT,Yes
Puerto Rico,2025,6193,18.32343,-65.33607,33.5,AGRF,Yes
Puerto Rico,2025,6194,18.34211,-65.5696,7,PTRF,Yes
Puerto Rico,2025,6195,18.38454,-65.57576,32.5,PVMT,Yes
Puerto Rico,2025,6196,18.2629,-65.4714,32,PVMT,Yes
Puerto Rico,2025,6197,18.16214,-65.40475,5.5,PVMT,Yes
Puerto Rico,2025,6198,18.1728,-65.4799,32.5,PVMT,Yes
Puerto Rico,2025,6199,18.34419,-65.25656,35,PVMT,Yes
Puerto Rico,2025,6200,18.39251,-65.72292,9,SCR,Yes
Puerto Rico,2025,6201,18.38403,-65.63348,18,AGRF,Yes
Puerto Rico,2025,6202,18.49321,-66.95892,32,PVMT,Yes
Puerto Rico,2025,6203,18.51243,-67.03105,15.5,BDRK,Yes
Puerto Rico,2025,6204,18.34501,-67.26712,25,SCR,Yes
Puerto Rico,2025,6205,18.38701,-67.48942,29,BDRK,Yes
Puerto Rico,2025,6206,18.07981,-67.94879,23.5,AGRF,Yes
Puerto Rico,2025,6207,18.05181,-67.87874,14,AGRF,Yes
Puerto Rico,2025,6208,17.94457,-66.61972,25.5,AGRF,Yes
Puerto Rico,2025,6209,17.91686,-67.23771,32,PVMT,Yes
Puerto Rico,2025,6210,18.15672,-67.23571,15.5,PTRF,Yes
Puerto Rico,2025,6211,18.13726,-67.31533,34.5,PVMT,Yes
Puerto Rico,2025,6212,17.9136,-66.41725,27,AGRF,Yes
Puerto Rico,2025,6213,17.9212,-66.90347,30.5,PVMT,Yes
Puerto Rico,2025,6214,18.15153,-67.28409,22,PVMT,Yes
Puerto Rico,2025,6216,18.07786,-67.26532,28,SCR,Yes
Puerto Rico,2025,6217,18.185,-67.22509,20.5,PVMT,Yes
Puerto Rico,2025,6218,17.93556,-66.65768,33.5,AGRF,Yes
Puerto Rico,2025,6219,18.29548,-65.32585,56.5,AGRF,Yes
Puerto Rico,2025,6220,18.36887,-65.52931,83,AGRF,Yes
Puerto Rico,2025,6221,18.3583,-65.58282,41,AGRF,Yes
Puerto Rico,2025,6223,18.12028,-65.64838,72,SCR,Yes
Puerto Rico,2025,6226,18.41861,-65.60918,87.5,AGRF,Yes
Puerto Rico,2025,6227,18.4781,-66.20451,43.5,AGRF,Yes
Puerto Rico,2025,6228,18.37702,-67.47436,83.5,PVMT,Yes
Puerto Rico,2025,6229,18.06253,-67.85479,44.5,PTRF,Yes
Puerto Rico,2025,6230,18.09349,-67.94605,50,SCR,Yes
Puerto Rico,2025,6231,17.8891,-67.15414,92,SCR,Yes
Puerto Rico,2025,6232,17.91861,-67.16557,40.5,SCR,Yes
Puerto Rico,2025,6233,17.92165,-67.19551,51,SCR,Yes
Puerto Rico,2025,6234,18.30279,-65.31155,10.5,SCR,Yes
Puerto Rico,2025,6235,18.3461,-65.56997,9,SCR,Yes
Puerto Rico,2025,6236,18.38282,-65.61171,36,PVMT,Yes
Puerto Rico,2025,6237,18.25304,-65.60025,3.5,SCR,Yes
Puerto Rico,2025,6238,18.23081,-65.59154,9,PTRF,Yes
Puerto Rico,2025,6239,18.39104,-65.74827,4.5,PVMT,Yes
Puerto Rico,2025,6242,18.45594,-66.0301,14.5,PTRF,Yes
Puerto Rico,2025,6243,18.46074,-66.07155,16.5,PTRF,Yes
Puerto Rico,2025,6244,18.47719,-66.19837,17,PVMT,Yes
Puerto Rico,2025,6245,18.05573,-67.91222,40.5,SCR,Yes
Puerto Rico,2025,6246,18.04912,-67.88477,44,SCR,Yes
Puerto Rico,2025,6247,17.94603,-66.97515,13.5,AGRF,Yes
Puerto Rico,2025,6248,17.93862,-66.88257,27,SCR,Yes
Puerto Rico,2025,6249,17.96405,-66.72889,24,PVMT,Yes
Puerto Rico,2025,6257,18.27869,-65.27511,42.5,AGRF,Yes
Puerto Rico,2025,6299,18.0811,-65.5261,13,AGRF,Yes
Puerto Rico,2025,6303,18.44361,-65.85102,14.5,AGRF,Yes
Puerto Rico,2025,6305,18.46801,-66.09468,7,AGRF,Yes
Puerto Rico,2025,6314,17.92667,-67.07056,34.5,AGRF,Yes
Puerto Rico,2025,6316,17.94483,-66.71809,30.5,AGRF,Yes
Puerto Rico,2025,6336,18.35867,-65.57693,33.5,AGRF,Yes
Puerto Rico,2025,6338,18.1749,-65.4491,43,PTRF,No
Puerto Rico,2025,6351,18.28701,-65.24468,37.5,PTRF,Yes
Puerto Rico,2025,6368,18.29739,-65.33288,33,PTRF,Yes
Puerto Rico,2025,6382,18.34959,-65.46378,83.5,PVMT,Yes
Puerto Rico,2025,6393,18.28403,-65.50307,56.5,PVMT,Yes
Puerto Rico,2025,6394,18.21241,-65.55601,38.5,PVMT,Yes
Puerto Rico,2025,6395,18.0843,-65.4038,55.5,PVMT,Yes
Puerto Rico,2025,6407,18.39201,-67.48561,70,AGRF,Yes
Puerto Rico,2025,6422,17.86842,-66.25004,77,AGRF,Yes
Puerto Rico,2025,6430,17.87625,-66.53145,36.5,PVMT,Yes
Puerto Rico,2025,6434,17.92006,-67.26425,45.5,PVMT,Yes
Puerto Rico,2025,6435,17.86157,-66.27655,75.5,PVMT,Yes
Puerto Rico,2025,6438,17.86847,-66.48817,56,PVMT,Yes
Puerto Rico,2025,6443,18.31307,-65.33297,4,PVMT,Yes
Puerto Rico,2025,6451,18.3942,-65.71942,23,AGRF,Yes
Puerto Rico,2025,6473,18.32414,-65.5845,34.5,PTRF,Yes
Puerto Rico,2025,6483,17.87212,-66.25658,68,PVMT,Yes
Puerto Rico,2025,6490,18.37449,-65.63715,15,PTRF,Yes
St. Croix,2017,1000,17.7895,-64.62008,5.9,BDRK,No
St. Croix,2017,1011,17.78448,-64.61262,31.2,AGRF,No
St. Croix,2017,1012,17.71263,-64.56859,79.7,AGRF,No
St. Croix,2017,1014,17.73606,-64.53035,88.9,AGRF,No
St. Croix,2017,1015,17.76156,-64.50001,59,AGRF,No
St. Croix,2017,1016,17.76191,-64.5005,66.6,AGRF,No
St. Croix,2017,1017,17.76616,-64.49597,75.1,AGRF,No
St. Croix,2017,1018,17.74224,-64.89974,52.5,AGRF,No
St. Croix,2017,1020,17.77099,-64.81931,61.7,AGRF,No
St. Croix,2017,1021,17.77793,-64.67764,59,AGRF,No
St. Croix,2017,1023,17.78533,-64.76053,38,AGRF,No
St. Croix,2017,1024,17.78686,-64.75798,62.6,AGRF,No
St. Croix,2017,1025,17.63772,-64.86058,65.6,AGRF,No
St. Croix,2017,1026,17.64588,-64.8119,63,AGRF,No
St. Croix,2017,1027,17.64678,-64.80884,58.1,AGRF,No
St. Croix,2017,1032,17.66703,-64.75954,85.6,AGRF,No
St. Croix,2017,1033,17.69822,-64.62501,85.6,HARD,No
St. Croix,2017,1034,17.80351,-64.55044,92.5,HARD,No
St. Croix,2017,1035,17.817,-64.43281,85,HARD,No
St. Croix,2017,1036,17.81687,-64.43145,83,HARD,No
St. Croix,2017,1039,17.784300000000002,-64.75804,72.5,AGRF,No
St. Croix,2017,1041,17.66377,-64.7722,72.2,HARD,No
St. Croix,2017,1043,17.77786,-64.59504,55.1,PTRF,No
St. Croix,2017,1044,17.77971,-64.5946,35.1,AGRF,No
St. Croix,2017,1045,17.7826,-64.60163,46.9,PTRF,No
St. Croix,2017,1046,17.78303,-64.61217,43.6,PTRF,No
St. Croix,2017,1047,17.78316,-64.60086,41,PTRF,No
St. Croix,2017,1048,17.78859,-64.60176,43.6,PTRF,No
St. Croix,2017,1049,17.78863,-64.60076,39,PTRF,No
St. Croix,2017,1050,17.78908,-64.59941,41,PTRF,No
St. Croix,2017,1051,17.79036,-64.60451,41,PTRF,No
St. Croix,2017,1052,17.79487,-64.61732,38.7,PTRF,No
St. Croix,2017,1053,17.79486,-64.61455,42,PTRF,No
St. Croix,2017,1055,17.77413,-64.521,78.1,PTRF,No
St. Croix,2017,1056,17.7676,-64.51292,80.7,PTRF,No
St. Croix,2017,1057,17.76914,-64.51071,80,PTRF,No
St. Croix,2017,1059,17.68062,-64.71816,47.9,PVMT,No
St. Croix,2017,1060,17.68103,-64.7205,58.1,SCR,No
St. Croix,2017,1061,17.77673,-64.61624,38.7,PVMT,No
St. Croix,2017,1062,17.7802,-64.61233,46.6,PVMT,No
St. Croix,2017,1063,17.78242,-64.58576,34.8,PTRF,No
St. Croix,2017,1064,17.78327,-64.59508,42.6,AGRF,No
St. Croix,2017,1065,17.78883,-64.57738,57.1,PVMT,No
St. Croix,2017,1066,17.79655,-64.5773,59.7,PVMT,No
St. Croix,2017,1067,17.79684,-64.58679,40,PVMT,No
St. Croix,2017,1068,17.79974,-64.58721,52.5,PVMT,No
St. Croix,2017,1069,17.80048,-64.59424,42,PVMT,No
St. Croix,2017,1070,17.80342,-64.60758,36.1,PVMT,No
St. Croix,2017,1071,17.8078,-64.62704,41,PVMT,No
St. Croix,2017,1072,17.80883,-64.62699,71.5,AGRF,No
St. Croix,2017,1073,17.80876,-64.62172,87.6,AGRF,No
St. Croix,2017,1074,17.80963,-64.63575,50.5,PVMT,No
St. Croix,2017,1075,17.69895,-64.62971,67.6,PVMT,No
St. Croix,2017,1076,17.7013,-64.63713,65.6,PVMT,No
St. Croix,2017,1077,17.70898,-64.62505,59.7,PVMT,No
St. Croix,2017,1085,17.73736,-64.54403,67.9,PVMT,No
St. Croix,2017,1086,17.74634,-64.53182,69.5,PVMT,No
St. Croix,2017,1088,17.77227,-64.56337,76.8,PVMT,No
St. Croix,2017,1089,17.77508,-64.53798,82,AGRF,No
St. Croix,2017,1090,17.78749,-64.57154,67.6,PVMT,No
St. Croix,2017,1091,17.78781,-64.5343,78.1,AGRF,No
St. Croix,2017,1092,17.79318,-64.55362,59,PVMT,No
St. Croix,2017,1093,17.79633,-64.55036,55.1,PVMT,No
St. Croix,2017,1095,17.7753,-64.49409,63.6,AGRF,No
St. Croix,2017,1098,17.78643,-64.47695,64,PVMT,No
St. Croix,2017,1099,17.79171,-64.47143,69.5,PVMT,No
St. Croix,2017,1100,17.79264,-64.46115,58.7,PVMT,No
St. Croix,2017,1101,17.79657,-64.52,70.8,PVMT,No
St. Croix,2017,1104,17.80056,-64.53642,48.9,PVMT,No
St. Croix,2017,1105,17.80165,-64.52598,73.5,AGRF,No
St. Croix,2017,1106,17.8016,-64.54086,44,PVMT,No
St. Croix,2017,1107,17.80533,-64.52651,63,AGRF,No
St. Croix,2017,1108,17.80729,-64.52806,58.1,PVMT,No
St. Croix,2017,1109,17.81115,-64.49591,66.9,AGRF,No
St. Croix,2017,1110,17.81464,-64.49993,52.5,AGRF,No
St. Croix,2017,1111,17.81535,-64.47942,76.8,SCR,No
St. Croix,2017,1112,17.81903,-64.50109,40,PVMT,No
St. Croix,2017,1113,17.82053,-64.49941,52.5,PVMT,No
St. Croix,2017,1115,17.76724,-64.73035,57.1,AGRF,No
St. Croix,2017,1119,17.79189,-64.74884,86.6,PVMT,No
St. Croix,2017,1120,17.64103,-64.85118,50.8,AGRF,No
St. Croix,2017,1121,17.6424,-64.84934,42.6,PVMT,No
St. Croix,2017,1122,17.64457,-64.90317,62.6,PVMT,No
St. Croix,2017,1124,17.64957,-64.85538,44,PVMT,No
St. Croix,2017,1125,17.64916,-64.92143,85,AGRF,No
St. Croix,2017,1126,17.65081,-64.80896,56.4,AGRF,No
St. Croix,2017,1132,17.68541,-64.67719,47.6,PVMT,No
St. Croix,2017,1133,17.68855,-64.68384,53.5,PVMT,No
St. Croix,2017,1134,17.77504,-64.59457,57.1,PVMT,No
St. Croix,2017,1136,17.78562,-64.58656,35.8,AGRF,No
St. Croix,2017,1138,17.69783,-64.62761,79,AGRF,No
St. Croix,2017,1140,17.77569,-64.57332,59.7,PTRF,No
St. Croix,2017,1141,17.77849,-64.53334,86.6,SCR,No
St. Croix,2017,1142,17.78884,-64.49493,79,PTRF,No
St. Croix,2017,1143,17.79675,-64.47728,88.6,PTRF,No
St. Croix,2017,1146,17.75257,-64.8955,80,SCR,No
St. Croix,2017,1149,17.7907,-64.75179,83,PVMT,No
St. Croix,2017,1151,17.67053,-64.77865,39.7,PVMT,No
St. Croix,2017,1163,17.76322,-64.72225,31.2,AGRF,No
St. Croix,2017,1176,17.78453,-64.6078,35.1,PTRF,No
St. Croix,2017,1178,17.79313,-64.60405,16.7,PTRF,No
St. Croix,2017,1179,17.79567,-64.62544,33.8,PTRF,No
St. Croix,2017,1180,17.79612,-64.62161,35.1,PTRF,No
St. Croix,2017,1181,17.79649,-64.62453,32.1,PTRF,No
St. Croix,2017,1182,17.79748,-64.62298,36.1,PTRF,No
St. Croix,2017,1183,17.79929,-64.62489,17.7,PTRF,No
St. Croix,2017,1184,17.80066,-64.62397,15.7,PTRF,No
St. Croix,2017,1186,17.71362,-64.66302,13.1,PTRF,No
St. Croix,2017,1187,17.71456,-64.66269,13.1,PTRF,No
St. Croix,2017,1190,17.69168,-64.69184,24.9,PVMT,No
St. Croix,2017,1191,17.78006,-64.59409,25.6,PTRF,No
St. Croix,2017,1192,17.78057,-64.64229,37.7,SCR,No
St. Croix,2017,1193,17.78654,-64.58109,34.1,PVMT,No
St. Croix,2017,1195,17.78821,-64.58502,31.5,PVMT,No
St. Croix,2017,1196,17.79052,-64.59243,31.5,PVMT,No
St. Croix,2017,1197,17.79232,-64.59326,27.9,PVMT,No
St. Croix,2017,1198,17.79469,-64.64099,27.6,PVMT,No
St. Croix,2017,1199,17.79534,-64.6013,23.6,PVMT,No
St. Croix,2017,1200,17.79941,-64.61351,23,PVMT,No
St. Croix,2017,1201,17.80098,-64.63195,12.8,PVMT,No
St. Croix,2017,1203,17.80423,-64.62787,17.7,PVMT,No
St. Croix,2017,1204,17.7066,-64.65866,29.5,PVMT,No
St. Croix,2017,1205,17.71065,-64.66276,16.1,AGRF,No
St. Croix,2017,1206,17.71147,-64.64917,31.2,PVMT,No
St. Croix,2017,1207,17.72153,-64.62972,17.1,PVMT,No
St. Croix,2017,1208,17.7215,-64.62848,18,PVMT,No
St. Croix,2017,1210,17.76788,-64.5974,20.7,PVMT,No
St. Croix,2017,1211,17.77645,-64.65777,25.6,PVMT,No
St. Croix,2017,1212,17.77781,-64.6502,29.9,SCR,No
St. Croix,2017,1213,17.78062,-64.57712,34.1,PVMT,No
St. Croix,2017,1214,17.78099,-64.65493,29.5,PVMT,No
St. Croix,2017,1215,17.82393,-64.48649,36.7,PVMT,No
St. Croix,2017,1216,17.82445,-64.4851,36.7,PVMT,No
St. Croix,2017,1217,17.68795,-64.89731,6.6,PVMT,No
St. Croix,2017,1218,17.71923,-64.88526,8.9,PVMT,No
St. Croix,2017,1221,17.77346,-64.68312,16.1,PVMT,No
St. Croix,2017,1222,17.78621,-64.75496,22.6,PVMT,No
St. Croix,2017,1223,17.78908,-64.75253,33.8,PVMT,No
St. Croix,2017,1224,17.65479,-64.87012,37.1,PVMT,No
St. Croix,2017,1226,17.65793,-64.85934,24.9,PTRF,No
St. Croix,2017,1227,17.65879,-64.87339,37.1,SCR,No
St. Croix,2017,1228,17.66135,-64.89191,23.6,PVMT,No
St. Croix,2017,1229,17.66328,-64.82737,22.6,PVMT,No
St. Croix,2017,1236,17.69246,-64.70179,33.8,PVMT,No
St. Croix,2017,1241,17.79288,-64.62457,18,AGRF,No
St. Croix,2017,1243,17.72732,-64.62457,14.1,PVMT,No
St. Croix,2017,1246,17.76117,-64.69776,19,AGRF,No
St. Croix,2017,1266,17.78267,-64.61785,22,AGRF,No
St. Croix,2017,1274,17.6948,-64.89686,59,AGRF,No
St. Croix,2017,1277,17.78462,-64.75881,28.9,AGRF,No
St. Croix,2017,1278,17.78538,-64.76102,47.6,AGRF,No
St. Croix,2017,1291,17.74039,-64.89951,63.6,HARD,No
St. Croix,2017,1293,17.78465,-64.75708,49.5,HARD,No
St. Croix,2017,1297,17.78244,-64.59496,39,PTRF,No
St. Croix,2017,1298,17.78414,-64.60647,37.1,PTRF,No
St. Croix,2017,1302,17.79712,-64.61616,40,PTRF,No
St. Croix,2017,1316,17.80322,-64.63586,39.7,PVMT,No
St. Croix,2017,1328,17.78754,-64.57629,51.5,PVMT,No
St. Croix,2017,1348,17.67743,-64.71623,51.5,PVMT,No
St. Croix,2017,1349,17.6801,-64.7196,51.8,PVMT,No
St. Croix,2017,1354,17.78568,-64.58417,44.6,PVMT,No
St. Croix,2017,1361,17.70837,-64.88881,36.1,SCR,No
St. Croix,2017,1370,17.78486,-64.60428,23.6,AGRF,No
St. Croix,2017,1379,17.78206,-64.75699,13.1,AGRF,No
St. Croix,2017,1380,17.784,-64.75332,9.5,AGRF,No
St. Croix,2017,1408,17.79368,-64.58759,32.8,PVMT,No
St. Croix,2017,1420,17.72054,-64.89236,36.1,AGRF,No
St. Croix,2017,1421,17.72498,-64.89439,35.8,AGRF,No
St. Croix,2017,1423,17.78287,-64.75615,21,PVMT,No
St. Croix,2017,1442,17.77648,-64.8109,29.2,SCR,No
St. Croix,2017,1502,17.68897,-64.90258,90.9,HARD,No
St. Croix,2017,1503,17.69276,-64.89813,67.6,AGRF,No
St. Croix,2017,1504,17.7037,-64.88984,28.9,PTRF,No
St. Croix,2017,1505,17.70659,-64.88733,20,PVMT,No
St. Croix,2017,1506,17.71644,-64.88994,46.9,AGRF,No
St. Croix,2017,1507,17.71744,-64.8905,46.6,AGRF,No
St. Croix,2017,1508,17.72147,-64.88573,6.9,PVMT,No
St. Croix,2017,1509,17.73591,-64.89772,67.9,AGRF,No
St. Croix,2017,1510,17.73629,-64.89451,28.5,AGRF,No
St. Croix,2017,1511,17.744,-64.90017,59.7,AGRF,No
St. Croix,2017,1512,17.76844,-64.88428,73.5,HARD,No
St. Croix,2019,4004,17.64104,-64.83688,64.9,AGRF,No
St. Croix,2019,4005,17.6411,-64.91309,84.6,HARD,No
St. Croix,2019,4006,17.64181,-64.84743,42,PVMT,No
St. Croix,2019,4008,17.6433,-64.83978,41,PVMT,No
St. Croix,2019,4009,17.6431,-64.90264,50.5,AGRF,No
St. Croix,2019,4010,17.64521,-64.8303,40.7,PVMT,No
St. Croix,2019,4012,17.6459,-64.86051,44.9,PVMT,No
St. Croix,2019,4015,17.64945,-64.82524,50.8,SCR,No
St. Croix,2019,4016,17.65014,-64.83957,49.5,PVMT,No
St. Croix,2019,4018,17.65127,-64.81969,51.5,PVMT,No
St. Croix,2019,4020,17.65157,-64.83292,44.6,PVMT,No
St. Croix,2019,4021,17.65266,-64.89614,46.6,PVMT,No
St. Croix,2019,4023,17.65466,-64.7881,58.7,HARD,No
St. Croix,2019,4025,17.65545,-64.80428,43,PVMT,No
St. Croix,2019,4026,17.65583,-64.8032,42,PVMT,No
St. Croix,2019,4027,17.65548,-64.89798,43.6,PVMT,No
St. Croix,2019,4028,17.65555,-64.87741,35.8,PVMT,No
St. Croix,2019,4031,17.65734,-64.8411,27.9,PVMT,No
St. Croix,2019,4032,17.65736,-64.82258,37.1,PVMT,No
St. Croix,2019,4033,17.65746,-64.87808,36.7,SCR,No
St. Croix,2019,4036,17.65805,-64.84583,23,PTRF,No
St. Croix,2019,4037,17.65784,-64.84088,28.5,PTRF,No
St. Croix,2019,4038,17.65967,-64.88712,29.5,PVMT,No
St. Croix,2019,4042,17.66066,-64.87447,33.1,SCR,No
St. Croix,2019,4045,17.66149,-64.83624,20.7,PTRF,No
St. Croix,2019,4048,17.66477,-64.81955,27.6,PVMT,No
St. Croix,2019,4050,17.6653,-64.90503,16.1,PVMT,No
St. Croix,2019,4051,17.66639,-64.89037,16.1,PVMT,No
St. Croix,2019,4052,17.66663,-64.90527,14.1,PVMT,No
St. Croix,2019,4053,17.66877,-64.77544,34.1,PVMT,No
St. Croix,2019,4057,17.67013,-64.78212,39,SCR,No
St. Croix,2019,4058,17.67,-64.82318,21,PVMT,No
St. Croix,2019,4060,17.67043,-64.78349,25.6,AGRF,No
St. Croix,2019,4063,17.67201,-64.76046,41,PVMT,No
St. Croix,2019,4065,17.67368,-64.7832,15.7,AGRF,No
St. Croix,2019,4067,17.67429,-64.77181,33.1,PVMT,No
St. Croix,2019,4069,17.67567,-64.72521,61,PVMT,No
St. Croix,2019,4070,17.67641,-64.77699,32.1,PVMT,No
St. Croix,2019,4072,17.67881,-64.78351,14.8,PVMT,No
St. Croix,2019,4074,17.67985,-64.77366,20,PTRF,No
St. Croix,2019,4076,17.68011,-64.77743,27.9,PTRF,No
St. Croix,2019,4077,17.68075,-64.7186,49.9,PVMT,No
St. Croix,2019,4080,17.68097,-64.77178,16.1,PTRF,No
St. Croix,2019,4081,17.68168,-64.7699,9.2,PTRF,No
St. Croix,2019,4083,17.68151,-64.77054,15.1,PTRF,No
St. Croix,2019,4089,17.68563,-64.71293,24.6,PVMT,No
St. Croix,2019,4093,17.6871,-64.65536,85.6,HARD,No
St. Croix,2019,4097,17.69511,-64.66777,42,PVMT,No
St. Croix,2019,4105,17.70471,-64.60534,75.8,PVMT,No
St. Croix,2019,4107,17.70504,-64.6574,33.1,PVMT,No
St. Croix,2019,4111,17.70902,-64.66946,31.5,SCR,No
St. Croix,2019,4112,17.70973,-64.60787,69.9,PVMT,No
St. Croix,2019,4114,17.71037,-64.57964,76.1,PVMT,No
St. Croix,2019,4116,17.70991,-64.66596,12.1,PVMT,No
St. Croix,2019,4118,17.71025,-64.66316,12.1,AGRF,No
St. Croix,2019,4119,17.71108,-64.65334,13.1,PVMT,No
St. Croix,2019,4121,17.71135,-64.668450000000007,11.5,AGRF,No
St. Croix,2019,4124,17.7132,-64.57474,72.5,PVMT,No
St. Croix,2019,4125,17.71328,-64.67261,3.9,BDRK,No
St. Croix,2019,4130,17.71487,-64.66204,9.5,PTRF,No
St. Croix,2019,4135,17.71711,-64.5884,69.9,PVMT,No
St. Croix,2019,4137,17.71475,-64.88821,35.8,SCR,No
St. Croix,2019,4140,17.71826,-64.55513,80.7,AGRF,No
St. Croix,2019,4142,17.71651,-64.88952,46.9,PVMT,No
St. Croix,2019,4143,17.71662,-64.88915,44.9,SCR,No
St. Croix,2019,4144,17.72027,-64.57859,73.8,PVMT,No
St. Croix,2019,4146,17.7215,-64.56061,76.1,PVMT,No
St. Croix,2019,4152,17.72579,-64.89577,94.8,AGRF,No
St. Croix,2019,4153,17.72796,-64.61705,24.6,PVMT,No
St. Croix,2019,4154,17.73113,-64.5365,80.7,AGRF,No
St. Croix,2019,4156,17.73168,-64.89635,49.5,AGRF,No
St. Croix,2019,4157,17.73191,-64.89044,13.1,PVMT,No
St. Croix,2019,4158,17.736,-64.53224,69.9,AGRF,No
St. Croix,2019,4160,17.73955,-64.54493,70.5,PVMT,No
St. Croix,2019,4161,17.73929,-64.59795,30.5,PVMT,No
St. Croix,2019,4162,17.73998,-64.89395,9.8,PVMT,No
St. Croix,2019,4163,17.74309,-64.5516,69.9,PVMT,No
St. Croix,2019,4164,17.74064,-64.89966,76.1,HARD,No
St. Croix,2019,4165,17.74462,-64.52535,66.6,AGRF,No
St. Croix,2019,4166,17.74255,-64.89687,38,AGRF,No
St. Croix,2019,4167,17.74544,-64.57195,17.7,AGRF,No
St. Croix,2019,4171,17.75018,-64.51874,65.6,PVMT,No
St. Croix,2019,4176,17.75083,-64.70361,5.9,HARD,No
St. Croix,2019,4178,17.75256,-64.5113,67.9,AGRF,No
St. Croix,2019,4180,17.75253,-64.7135,17.7,HARD,No
St. Croix,2019,4181,17.75453,-64.5316,73.8,PVMT,No
St. Croix,2019,4182,17.75506,-64.50946,66.9,AGRF,No
St. Croix,2019,4183,17.75245,-64.89551,72.5,PVMT,No
St. Croix,2019,4184,17.75532,-64.55211,75.1,PVMT,No
St. Croix,2019,4185,17.75554,-64.553210000000007,70.8,PVMT,No
St. Croix,2019,4187,17.7564,-64.5061,86.6,AGRF,No
St. Croix,2019,4188,17.75756,-64.50593,64.9,AGRF,No
St. Croix,2019,4189,17.75697,-64.59544,4.6,BDRK,No
St. Croix,2019,4194,17.75921,-64.71274,16.1,AGRF,No
St. Croix,2019,4197,17.75879,-64.71079,14.1,AGRF,No
St. Croix,2019,4198,17.75943,-64.68251,8.5,BDRK,No
St. Croix,2019,4199,17.75957,-64.64106,3.6,BDRK,No
St. Croix,2019,4200,17.76019,-64.5955,19,PTRF,No
St. Croix,2019,4202,17.76108,-64.5881,7.9,PTRF,No
St. Croix,2019,4203,17.76217,-64.49773,91.5,AGRF,No
St. Croix,2019,4204,17.76069,-64.70768,74.5,AGRF,No
St. Croix,2019,4205,17.76069,-64.69634,35.1,HARD,No
St. Croix,2019,4206,17.76256,-64.57464,8.5,PVMT,No
St. Croix,2019,4207,17.76272,-64.56699,33.8,PVMT,No
St. Croix,2019,4208,17.76426,-64.53259,93.5,SCR,No
St. Croix,2019,4209,17.76269,-64.83577,16.1,SCR,No
St. Croix,2019,4213,17.76449,-64.73169,3.9,BDRK,No
St. Croix,2019,4214,17.76632,-64.51757,89.9,PTRF,No
St. Croix,2019,4217,17.76626,-64.60274,52.5,PTRF,No
St. Croix,2019,4220,17.78298,-64.57951,20,PVMT,No
St. Croix,2019,4221,17.76748,-64.60451,48.5,PTRF,No
St. Croix,2019,4226,17.76771,-64.57654,56.1,AGRF,No
St. Croix,2019,4228,17.76881,-64.51289,82,PTRF,No
St. Croix,2019,4229,17.76575,-64.88817,82,PVMT,No
St. Croix,2019,4231,17.76965,-64.51189,80,PTRF,No
St. Croix,2019,4232,17.76897,-64.63973,33.8,SCR,No
St. Croix,2019,4233,17.76983,-64.51103,81,PTRF,No
St. Croix,2019,4234,17.76863,-64.81971,9.8,AGRF,No
St. Croix,2019,4235,17.77189,-64.53489,94.1,PVMT,No
St. Croix,2019,4237,17.77134,-64.69017,76.8,AGRF,No
St. Croix,2019,4238,17.7712,-64.68308,17.7,PVMT,No
St. Croix,2019,4239,17.77276,-64.6022,51.8,PTRF,No
St. Croix,2019,4240,17.77411,-64.5075,81,PTRF,No
St. Croix,2019,4241,17.77448,-64.51484,86.6,AGRF,No
St. Croix,2019,4243,17.77579,-64.57994,39,PVMT,No
St. Croix,2019,4245,17.77839,-64.59647,60,PTRF,No
St. Croix,2019,4246,17.77962,-64.50991,81,AGRF,No
St. Croix,2019,4247,17.77921,-64.59474,45.6,PTRF,No
St. Croix,2019,4248,17.7801,-64.50627,85,PTRF,No
St. Croix,2019,4249,17.78,-64.50585,83.6,PTRF,No
St. Croix,2019,4254,17.78049,-64.51886,96.1,AGRF,No
St. Croix,2019,4259,17.78082,-64.60853,50.8,PTRF,No
St. Croix,2019,4260,17.78053,-64.59738,42,PTRF,No
St. Croix,2019,4261,17.78059,-64.6473,29.9,PVMT,No
St. Croix,2019,4262,17.78102,-64.60071,33.5,AGRF,No
St. Croix,2019,4263,17.78103,-64.65827,68.6,SCR,No
St. Croix,2019,4264,17.78225,-64.48253,57.7,AGRF,No
St. Croix,2019,4265,17.78059,-64.75503,3.9,AGRF,No
St. Croix,2019,4266,17.78059,-64.75428,5.6,AGRF,No
St. Croix,2019,4270,17.78201,-64.64312,35.8,PVMT,No
St. Croix,2019,4271,17.78193,-64.62066,40,PTRF,No
St. Croix,2019,4272,17.78231,-64.62018,34.4,AGRF,No
St. Croix,2019,4275,17.7828,-64.62242,19.7,SCR,No
St. Croix,2019,4276,17.78266,-64.61814,35.1,AGRF,No
St. Croix,2019,4277,17.78269,-64.61774,33.1,AGRF,No
St. Croix,2019,4278,17.78256,-64.61456,43.6,AGRF,No
St. Croix,2019,4279,17.78258,-64.60311,43,PTRF,No
St. Croix,2019,4280,17.78296,-64.58238,48.5,SCR,No
St. Croix,2019,4281,17.78298,-64.57951,36.7,PVMT,No
St. Croix,2019,4287,17.783080000000002,-64.61913,12.1,AGRF,No
St. Croix,2019,4288,17.78325,-64.61489,35.1,AGRF,No
St. Croix,2019,4289,17.78316,-64.60967,49.9,PTRF,No
St. Croix,2019,4290,17.78333,-64.59916,40.7,PTRF,No
St. Croix,2019,4291,17.78438,-64.49544,87.6,PTRF,No
St. Croix,2019,4294,17.7835,-64.61559,8.5,AGRF,No
St. Croix,2019,4295,17.78386,-64.5966,40,PTRF,No
St. Croix,2019,4296,17.7837,-64.59038,22,PVMT,No
St. Croix,2019,4297,17.78384,-64.5885,30.5,PTRF,No
St. Croix,2019,4298,17.78462,-64.51085,64,AGRF,No
St. Croix,2019,4299,17.78411,-64.61927,10.5,SCR,No
St. Croix,2019,4300,17.78507,-64.50755,87.6,AGRF,No
St. Croix,2019,4301,17.78498,-64.4827,61.7,AGRF,No
St. Croix,2019,4305,17.78449,-64.61236,40,AGRF,No
St. Croix,2019,4307,17.78506,-64.61183,32.1,AGRF,No
St. Croix,2019,4308,17.78498,-64.60786,31.2,PTRF,No
St. Croix,2019,4309,17.78495,-64.60512,23,AGRF,No
St. Croix,2019,4310,17.78528,-64.58417,34.1,AGRF,No
St. Croix,2019,4311,17.78556,-64.49838,89.2,PTRF,No
St. Croix,2019,4312,17.78409,-64.75974,16.7,PVMT,No
St. Croix,2019,4313,17.78419,-64.75796,64.9,AGRF,No
St. Croix,2019,4315,17.78558,-64.58372,44.9,PVMT,No
St. Croix,2019,4316,17.78471,-64.75882,33.8,AGRF,No
St. Croix,2019,4317,17.78479,-64.75723,54.1,HARD,No
St. Croix,2019,4318,17.785520000000002,-64.64792,32.1,PVMT,No
St. Croix,2019,4319,17.7861,-64.594220000000007,20.7,PVMT,No
St. Croix,2019,4320,17.78594,-64.58471,45.6,PVMT,No
St. Croix,2019,4321,17.786740000000002,-64.58526,36.1,PTRF,No
St. Croix,2019,4322,17.78541,-64.76117,51.2,AGRF,No
St. Croix,2019,4323,17.78549,-64.75631,33.5,AGRF,No
St. Croix,2019,4324,17.78589,-64.62823,13.8,PVMT,No
St. Croix,2019,4326,17.78591,-64.77821,36.1,AGRF,No
St. Croix,2019,4327,17.78733,-64.57936,40,PVMT,No
St. Croix,2019,4328,17.78202,-64.64311,28.9,PVMT,No
St. Croix,2019,4329,17.78772,-64.61131,4.6,AGRF,No
St. Croix,2019,4330,17.78775,-64.60079,32.1,AGRF,No
St. Croix,2019,4331,17.78803,-64.61108,11.2,PTRF,No
St. Croix,2019,4332,17.78828,-64.60705,38.7,AGRF,No
St. Croix,2019,4333,17.78824,-64.58128,35.1,PVMT,No
St. Croix,2019,4334,17.78707,-64.78228,43.6,AGRF,No
St. Croix,2019,4339,17.78967,-64.51789,84,AGRF,No
St. Croix,2019,4340,17.78943,-64.62774,3.6,PVMT,No
St. Croix,2019,4341,17.78952,-64.60748,42.6,AGRF,No
St. Croix,2019,4342,17.78954,-64.60375,43.6,PTRF,No
St. Croix,2019,4343,17.78942,-64.59005,38,SCR,No
St. Croix,2019,4344,17.78972,-64.5803,43.6,PVMT,No
St. Croix,2019,4345,17.7907,-64.48434,80,PTRF,No
St. Croix,2019,4346,17.78876,-64.75593,50.2,AGRF,No
St. Croix,2019,4348,17.78958,-64.64516,32.8,SCR,No
St. Croix,2019,4349,17.79,-64.62645,4.9,BDRK,No
St. Croix,2019,4351,17.79002,-64.60542,44.6,PTRF,No
St. Croix,2019,4352,17.79014,-64.60128,39,AGRF,No
St. Croix,2019,4353,17.79024,-64.58068,43,PVMT,No
St. Croix,2019,4355,17.78903,-64.74952,39,PVMT,No
St. Croix,2019,4356,17.78965,-64.74818,44,PVMT,No
St. Croix,2019,4361,17.79078,-64.75346,99.1,PVMT,No
St. Croix,2019,4362,17.79045,-64.75185,65.9,PVMT,No
St. Croix,2019,4363,17.79222,-64.57366,61,PVMT,No
St. Croix,2019,4364,17.793,-64.57634,59,PVMT,No
St. Croix,2019,4365,17.79311,-64.61671,33.1,PTRF,No
St. Croix,2019,4367,17.79377,-64.58212,47.9,PVMT,No
St. Croix,2019,4368,17.79442,-64.5253,74.1,AGRF,No
St. Croix,2019,4370,17.79452,-64.59843,23.9,PVMT,No
St. Croix,2019,4371,17.79467,-64.62064,38,PTRF,No
St. Croix,2019,4372,17.79499,-64.58442,42,PVMT,No
St. Croix,2019,4373,17.79519,-64.62893,9.5,AGRF,No
St. Croix,2019,4375,17.79576,-64.61312,37.1,PTRF,No
St. Croix,2019,4376,17.7967,-64.60325,25.6,AGRF,No
St. Croix,2019,4377,17.79687,-64.63808,24.9,PVMT,No
St. Croix,2019,4378,17.79719,-64.57201,69.5,PVMT,No
St. Croix,2019,4379,17.78641,-64.57423,20.7,AGRF,No
St. Croix,2019,4380,17.79797,-64.57938,62,PVMT,No
St. Croix,2019,4381,17.79795,-64.61885,41.7,PTRF,No
St. Croix,2019,4382,17.79223,-64.57366,69.9,PVMT,No
St. Croix,2019,4383,17.79876,-64.58395,58.1,PVMT,No
St. Croix,2019,4384,17.79886,-64.54598,44.9,PVMT,No
St. Croix,2019,4385,17.79952,-64.47838,89.9,AGRF,No
St. Croix,2019,4387,17.79922,-64.55908,87.9,HARD,No
St. Croix,2019,4388,17.79988,-64.51547,84,AGRF,No
St. Croix,2019,4389,17.80066,-64.4729,75.1,AGRF,No
St. Croix,2019,4391,17.79989,-64.58586,60,PVMT,No
St. Croix,2019,4392,17.80017,-64.58523,70.2,PVMT,No
St. Croix,2019,4393,17.80148,-64.50202,77.1,AGRF,No
St. Croix,2019,4395,17.80149,-64.59765,42,PVMT,No
St. Croix,2019,4396,17.80133,-64.59182,69.2,AGRF,No
St. Croix,2019,4397,17.80178,-64.58807,97.1,PVMT,No
St. Croix,2019,4398,17.80166,-64.53139,77.7,SCR,No
St. Croix,2019,4399,17.80144,-64.62581,22.6,PTRF,No
St. Croix,2019,4400,17.80196,-64.59848,45.9,PVMT,No
St. Croix,2019,4401,17.80228,-64.59653,71.5,AGRF,No
St. Croix,2019,4402,17.80372,-64.4828,81.7,AGRF,No
St. Croix,2019,4404,17.8037,-64.53767,47.9,PVMT,No
St. Croix,2019,4405,17.80379,-64.52646,70.8,AGRF,No
St. Croix,2019,4406,17.80418,-64.54864,99.1,HARD,No
St. Croix,2019,4407,17.8041,-64.60476,45.9,PVMT,No
St. Croix,2019,4408,17.80572,-64.45976,67.6,PVMT,No
St. Croix,2019,4409,17.80486,-64.63671,76.8,PVMT,No
St. Croix,2019,4410,17.80483,-64.60564,44.6,AGRF,No
St. Croix,2019,4411,17.80581,-64.50138,85.9,PTRF,No
St. Croix,2019,4412,17.80612,-64.46411,74.1,PVMT,No
St. Croix,2019,4413,17.80536,-64.60382,80.7,AGRF,No
St. Croix,2019,4417,17.8069,-64.62843,31.5,PVMT,No
St. Croix,2019,4420,17.81066,-64.47383,60,PVMT,No
St. Croix,2019,4421,17.81029,-64.63104,83,PVMT,No
St. Croix,2019,4423,17.81154,-64.62613,96.1,PVMT,No
St. Croix,2019,4424,17.81231,-64.52782,44.6,PVMT,No
St. Croix,2019,4426,17.81339,-64.46237,61,PVMT,No
St. Croix,2019,4427,17.81418,-64.52119,39.7,PVMT,No
St. Croix,2019,4428,17.81526,-64.4322,81.7,HARD,No
St. Croix,2019,4430,17.82136,-64.49477,39,PVMT,No
St. Croix,2019,4431,17.82511,-64.48109,40,PVMT,No
St. Croix,2019,4432,17.82557,-64.49556,94.5,PVMT,No
St. Croix,2019,4433,17.82702,-64.43272,81.7,HARD,No
St. Croix,2019,4434,17.82839,-64.47005,61,PVMT,No
St. Croix,2019,4437,17.63709,-64.87228,65.6,AGRF,No
St. Croix,2019,4440,17.78372,-64.74928,3.9,BDRK,No
St. Croix,2019,4441,17.78404,-64.74903,4.6,BDRK,No
St. Croix,2019,4503,17.78636,-64.60217,28.5,AGRF,No
St. Croix,2019,4513,17.79718,-64.60885,33.8,PVMT,No
St. Croix,2019,4514,17.79766,-64.61085,34.1,PTRF,No
St. Croix,2019,4515,17.79788,-64.62588,27.9,PTRF,No
St. Croix,2019,4517,17.79965,-64.62852,17.7,PTRF,No
St. Croix,2019,4518,17.8,-64.62701,19.7,PTRF,No
St. Croix,2019,9101,17.77625,-64.68324,58.1,AGRF,No
St. Croix,2019,9102,17.77753,-64.68005,66.6,AGRF,No
St. Croix,2019,9103,17.77823,-64.6767,73.1,AGRF,No
St. Croix,2019,9104,17.77887,-64.67392,71.2,AGRF,No
St. Croix,2019,9105,17.78033,-64.66451,65.6,AGRF,No
St. Croix,2019,9106,17.78076,-64.65997,49.5,AGRF,No
St. Croix,2019,9107,17.78223,-64.61984,41.7,AGRF,No
St. Croix,2019,9108,17.78323,-64.61533,32.1,AGRF,No
St. Croix,2019,9109,17.78455,-64.61259,26.9,AGRF,No
St. Croix,2019,9110,17.81074,-64.63154,90.5,PVMT,No
St. Croix,2019,9111,17.76869,-64.61782,40.7,PTRF,No
St. Croix,2019,9112,17.77641,-64.59288,63,PTRF,No
St. Croix,2019,9113,17.78169,-64.59877,49.2,PTRF,No
St. Croix,2019,9115,17.78318,-64.59455,41,PTRF,No
St. Croix,2019,9117,17.78909,-64.60036,41.7,PTRF,No
St. Croix,2019,9120,17.7987,-64.59336,41.7,AGRF,No
St. Croix,2019,9123,17.76474,-64.6135,26.9,AGRF,No
St. Croix,2019,9124,17.76652,-64.64549,5.9,PVMT,No
St. Croix,2019,9125,17.78347,-64.61504,28.9,AGRF,No
St. Croix,2019,9126,17.78598,-64.60804,31.5,AGRF,No
St. Croix,2019,9127,17.79013,-64.61016,33.8,AGRF,No
St. Croix,2019,9128,17.78923,-64.63394,8.5,PTRF,No
St. Croix,2019,9129,17.79325,-64.61805,34.1,PTRF,No
St. Croix,2019,9131,17.78051,-64.59657,37.1,PTRF,No
St. Croix,2019,9132,17.78303,-64.59328,37.7,PTRF,No
St. Croix,2019,9133,17.78489,-64.60127,29.5,PTRF,No
St. Croix,2019,9134,17.78737,-64.60407,24.3,PTRF,No
St. Croix,2019,9135,17.78991,-64.60881,39,PTRF,No
St. Croix,2019,9141,17.77566,-64.68509,70.2,AGRF,No
St. Croix,2019,9142,17.77592,-64.68449,66.6,AGRF,No
St. Croix,2019,9143,17.77638,-64.68368,77.7,AGRF,No
St. Croix,2019,9144,17.77768,-64.67726,39,AGRF,No
St. Croix,2019,9145,17.77849,-64.67526,71.2,AGRF,No
St. Croix,2019,9146,17.77816,-64.675,42,AGRF,No
St. Croix,2019,9147,17.77964,-64.66693,37.7,AGRF,No
St. Croix,2019,9149,17.7801,-64.66211,35.8,PVMT,No
St. Croix,2019,9152,17.77565,-64.59181,53.5,PTRF,No
St. Croix,2019,9153,17.77903,-64.59604,50.8,PTRF,No
St. Croix,2019,9154,17.78058,-64.60032,48.5,PTRF,No
St. Croix,2019,9155,17.78233,-64.5976,37.1,PTRF,No
St. Croix,2019,9171,17.78187,-64.596,36.1,PTRF,No
St. Croix,2019,9172,17.78362,-64.59947,27.9,PTRF,No
St. Croix,2021,4009,17.64926,-64.88657,56.5,PVMT,No
St. Croix,2021,4010,17.6503,-64.79798,60.5,AGRF,No
St. Croix,2021,4017,17.65658,-64.78783,44.5,AGRF,No
St. Croix,2021,4018,17.65663,-64.81601,39.5,PVMT,No
St. Croix,2021,4020,17.65814,-64.78348,48.5,AGRF,No
St. Croix,2021,4021,17.6585,-64.80374,42.5,PVMT,No
St. Croix,2021,4022,17.66046,-64.77722,58,HARD,No
St. Croix,2021,4023,17.66112,-64.77598,70,HARD,No
St. Croix,2021,4025,17.64934,-64.80712,41,PVMT,No
St. Croix,2021,4026,17.66192,-64.7741,71.5,HARD,No
St. Croix,2021,4027,17.66268,-64.8877,23.5,PVMT,No
St. Croix,2021,4030,17.6645,-64.88958,15.5,PVMT,No
St. Croix,2021,4031,17.66714,-64.8011,28.5,PVMT,No
St. Croix,2021,4032,17.66722,-64.77828,34.5,PVMT,No
St. Croix,2021,4035,17.67061,-64.82974,20.5,PVMT,No
St. Croix,2021,4036,17.67184,-64.78112,29,PVMT,No
St. Croix,2021,4040,17.67477,-64.72437,85.5,PVMT,No
St. Croix,2021,4041,17.67473,-64.76129,44,SCR,No
St. Croix,2021,4042,17.675,-64.72669,79,HARD,No
St. Croix,2021,4044,17.67571,-64.71211,70,AGRF,No
St. Croix,2021,4048,17.67638,-64.7972,7,PTRF,No
St. Croix,2021,4057,17.68014,-64.77214,24.5,PTRF,No
St. Croix,2021,4063,17.68164,-64.76991,7,PTRF,No
St. Croix,2021,4072,17.68904,-64.67068,58,PVMT,No
St. Croix,2021,4073,17.68915,-64.70322,30,PTRF,No
St. Croix,2021,4077,17.69125,-64.67834,44,AGRF,No
St. Croix,2021,4078,17.69176,-64.6712,42.5,AGRF,No
St. Croix,2021,4081,17.69199,-64.69275,23.5,PVMT,No
St. Croix,2021,4087,17.69776,-64.70561,20.5,PTRF,No
St. Croix,2021,4089,17.69999,-64.6229,76.5,AGRF,No
St. Croix,2021,4096,17.70456,-64.67797,35,AGRF,No
St. Croix,2021,4099,17.70694,-64.63877,46.5,PVMT,No
St. Croix,2021,4101,17.70462,-64.67711,36,SCR,No
St. Croix,2021,4108,17.72296,-64.57333,75.5,PVMT,No
St. Croix,2021,4109,17.72719,-64.54038,76.5,AGRF,No
St. Croix,2021,4114,17.73189,-64.54801,71,PVMT,No
St. Croix,2021,4116,17.73395,-64.60642,27.5,PVMT,No
St. Croix,2021,4118,17.73642,-64.55466,70.5,PVMT,No
St. Croix,2021,4131,17.74569,-64.56242,43.5,PVMT,No
St. Croix,2021,4132,17.74405,-64.89849,50.5,AGRF,No
St. Croix,2021,4133,17.74786,-64.5359,68.5,PVMT,No
St. Croix,2021,4134,17.74819,-64.56971,8.5,PVMT,No
St. Croix,2021,4146,17.75577,-64.52744,79,SCR,No
St. Croix,2021,4148,17.75606,-64.51508,54.5,AGRF,No
St. Croix,2021,4150,17.75655,-64.69871,27,HARD,No
St. Croix,2021,4151,17.75715,-64.69901,52,HARD,No
St. Croix,2021,4154,17.75898,-64.59624,14,PTRF,No
St. Croix,2021,4155,17.75915,-64.55346,71,PVMT,No
St. Croix,2021,4158,17.76031,-64.50142,59.5,AGRF,No
St. Croix,2021,4166,17.76122,-64.69684,25,HARD,No
St. Croix,2021,4168,17.7615,-64.71657,58.5,AGRF,No
St. Croix,2021,4175,17.76323,-64.72043,32,AGRF,No
St. Croix,2021,4177,17.76313,-64.67276,15,SCR,No
St. Croix,2021,4185,17.76594,-64.62611,12,AGRF,No
St. Croix,2021,4188,17.76711,-64.60118,51.5,PTRF,No
St. Croix,2021,4191,17.7683,-64.54434,83.5,PVMT,No
St. Croix,2021,4195,17.76844,-64.66409,4,PVMT,No
St. Croix,2021,4202,17.76892,-64.64246,33,PTRF,No
St. Croix,2021,4205,17.76732,-64.85958,76.5,PVMT,No
St. Croix,2021,4210,17.77174,-64.57148,68.5,SCR,No
St. Croix,2021,4211,17.77241,-64.51028,80,PTRF,No
St. Croix,2021,4214,17.76983,-64.87922,30.5,PVMT,No
St. Croix,2021,4215,17.77287,-64.55974,81,PVMT,No
St. Croix,2021,4216,17.77344,-64.58165,61,PVMT,No
St. Croix,2021,4217,17.7743,-64.49321,79,AGRF,No
St. Croix,2021,4221,17.77386,-64.68325,16.5,PVMT,No
St. Croix,2021,4224,17.7756,-64.52574,81.5,PTRF,No
St. Croix,2021,4232,17.77773,-64.52834,90.5,PTRF,No
St. Croix,2021,4233,17.77592,-64.81122,32.5,AGRF,No
St. Croix,2021,4235,17.77675,-64.73717,53.5,AGRF,No
St. Croix,2021,4237,17.77939,-64.57067,65.5,PVMT,No
St. Croix,2021,4238,17.78042,-64.48071,81,AGRF,No
St. Croix,2021,4240,17.7794,-64.67128,75,AGRF,No
St. Croix,2021,4241,17.78015,-64.57866,36.5,AGRF,No
St. Croix,2021,4246,17.78053,-64.66367,59.5,AGRF,No
St. Croix,2021,4250,17.78233,-64.59558,39,PTRF,No
St. Croix,2021,4257,17.78372,-64.61391,33.5,AGRF,No
St. Croix,2021,4260,17.78329,-64.79276,27.5,AGRF,No
St. Croix,2021,4265,17.78435,-64.78966,27,AGRF,No
St. Croix,2021,4267,17.7859,-64.59712,42,PTRF,No
St. Croix,2021,4269,17.78502,-64.7593,59,AGRF,No
St. Croix,2021,4273,17.78675,-64.58526,28,AGRF,No
St. Croix,2021,4278,17.78626,-64.75544,25,PVMT,No
St. Croix,2021,4279,17.78684,-64.74844,27,PVMT,No
St. Croix,2021,4281,17.78821,-64.59661,39.5,PTRF,No
St. Croix,2021,4286,17.78752,-64.78012,68,HARD,No
St. Croix,2021,4289,17.78846,-64.74672,47,PVMT,No
St. Croix,2021,4290,17.78927,-64.63029,7.5,PTRF,No
St. Croix,2021,4292,17.78867,-64.75616,52.5,AGRF,No
St. Croix,2021,4293,17.78879,-64.74941,34.5,PVMT,No
St. Croix,2021,4298,17.79021,-64.58917,31.5,AGRF,No
St. Croix,2021,4299,17.79054,-64.49812,83,PTRF,No
St. Croix,2021,4303,17.78957,-64.75134,40,PVMT,No
St. Croix,2021,4305,17.79076,-64.60902,37,PTRF,No
St. Croix,2021,4307,17.79114,-64.58897,34.5,AGRF,No
St. Croix,2021,4310,17.79086,-64.63188,12,PTRF,No
St. Croix,2021,4311,17.79166,-64.62247,6,AGRF,No
St. Croix,2021,4315,17.79137,-64.5976,24,PVMT,No
St. Croix,2021,4317,17.79185,-64.51572,83.5,AGRF,No
St. Croix,2021,4318,17.79243,-64.45388,62,AGRF,No
St. Croix,2021,4322,17.79065,-64.75218,80,PVMT,No
St. Croix,2021,4325,17.79161,-64.62224,19.5,AGRF,No
St. Croix,2021,4326,17.79171,-64.6065,45,PTRF,No
St. Croix,2021,4329,17.79292,-64.4951,82.5,AGRF,No
St. Croix,2021,4330,17.79163,-64.74812,93.5,PVMT,No
St. Croix,2021,4336,17.79313,-64.60565,29,PTRF,No
St. Croix,2021,4339,17.79372,-64.62565,15,AGRF,No
St. Croix,2021,4341,17.79445,-64.53352,76.5,AGRF,No
St. Croix,2021,4342,17.7951,-64.63106,10,AGRF,No
St. Croix,2021,4343,17.79454,-64.62745,17.5,PTRF,No
St. Croix,2021,4345,17.79536,-64.61784,24,PTRF,No
St. Croix,2021,4346,17.79519,-64.60927,34,PTRF,No
St. Croix,2021,4347,17.79565,-64.57218,61.5,PVMT,No
St. Croix,2021,4348,17.79647,-64.46379,70.5,PVMT,No
St. Croix,2021,4353,17.79675,-64.61363,38.5,PTRF,No
St. Croix,2021,4354,17.79705,-64.58217,55.5,PVMT,No
St. Croix,2021,4355,17.79717,-64.57751,62,PVMT,No
St. Croix,2021,4357,17.79687,-64.61904,41.5,PTRF,No
St. Croix,2021,4360,17.79773,-64.59902,25.5,PVMT,No
St. Croix,2021,4361,17.798,-64.51245,70,AGRF,No
St. Croix,2021,4363,17.79767,-64.62855,16.5,PTRF,No
St. Croix,2021,4366,17.79965,-64.47679,82.5,PTRF,No
St. Croix,2021,4369,17.79928,-64.61403,22.5,PVMT,No
St. Croix,2021,4375,17.80115,-64.62492,16,PTRF,No
St. Croix,2021,4379,17.80236,-64.48253,85.5,AGRF,No
St. Croix,2021,4380,17.80234,-64.45738,62.5,AGRF,No
St. Croix,2021,4382,17.80283,-64.49682,72.5,AGRF,No
St. Croix,2021,4385,17.80365,-64.55001,93.5,HARD,No
St. Croix,2021,4386,17.8037,-64.63847,73.5,AGRF,No
St. Croix,2021,4387,17.8037,-64.63098,15.5,PVMT,No
St. Croix,2021,4388,17.80446,-64.60287,72,AGRF,No
St. Croix,2021,4389,17.80592,-64.50377,70.5,AGRF,No
St. Croix,2021,4390,17.8057,-64.62378,28.5,PVMT,No
St. Croix,2021,4392,17.80608,-64.6133,40,PVMT,No
St. Croix,2021,4393,17.80685,-64.4934,76.5,AGRF,No
St. Croix,2021,4394,17.80648,-64.62135,39,PVMT,No
St. Croix,2021,4396,17.80703,-64.61153,79,AGRF,No
St. Croix,2021,4397,17.80754,-64.52033,54,AGRF,No
St. Croix,2021,4399,17.8088,-64.63596,49.5,PVMT,No
St. Croix,2021,4402,17.81012,-64.6312,77.5,PVMT,No
St. Croix,2021,4404,17.810669999999998,-64.63664,70.5,PVMT,No
St. Croix,2021,4405,17.81116,-64.5175,52,AGRF,No
St. Croix,2021,4406,17.81101,-64.6322,90.5,PVMT,No
St. Croix,2021,4408,17.81227,-64.49013,72.5,AGRF,No
St. Croix,2021,4411,17.81488,-64.45996,51,AGRF,No
St. Croix,2021,4415,17.82076,-64.50078,73.5,SCR,No
St. Croix,2021,4428,17.83331,-64.45361,72.5,HARD,No
St. Croix,2021,4429,17.83434,-64.45164,78.5,HARD,No
St. Croix,2023,4000,17.63612,-64.89149,75,AGRF,No
St. Croix,2023,4001,17.63623,-64.87406,77,AGRF,No
St. Croix,2023,4002,17.63627,-64.86639,75.5,AGRF,No
St. Croix,2023,4003,17.63715,-64.88885,79.5,AGRF,No
St. Croix,2023,4010,17.64149,-64.8314,62.5,AGRF,No
St. Croix,2023,4011,17.64215,-64.8273,55,AGRF,No
St. Croix,2023,4012,17.64267,-64.86188,43,AGRF,No
St. Croix,2023,4015,17.64836,-64.87521,54.5,PVMT,No
St. Croix,2023,4016,17.64919,-64.88613,56,SCR,No
St. Croix,2023,4017,17.64963,-64.88994,52.5,PVMT,No
St. Croix,2023,4018,17.65025,-64.87342,45.5,PVMT,No
St. Croix,2023,4021,17.65369,-64.88494,35.5,PVMT,No
St. Croix,2023,4023,17.65402,-64.8506,34.5,PVMT,No
St. Croix,2023,4024,17.65468,-64.83206,34,PVMT,No
St. Croix,2023,4026,17.65548,-64.78486,74,AGRF,No
St. Croix,2023,4027,17.65649,-64.78721,49.5,AGRF,No
St. Croix,2023,4030,17.65701,-64.88868,30,PVMT,No
St. Croix,2023,4031,17.65903,-64.89511,28.5,PVMT,No
St. Croix,2023,4034,17.66136,-64.79528,44,SCR,No
St. Croix,2023,4038,17.66363,-64.89034,17.5,PVMT,No
St. Croix,2023,4040,17.66458,-64.88377,19,PVMT,No
St. Croix,2023,4044,17.66566,-64.8146,28.5,PVMT,No
St. Croix,2023,4045,17.6663,-64.76172,65.5,PVMT,No
St. Croix,2023,4046,17.66629,-64.80667,27.5,AGRF,No
St. Croix,2023,4047,17.66737,-64.76663,44,AGRF,No
St. Croix,2023,4051,17.6677,-64.88712,14.5,PVMT,No
St. Croix,2023,4052,17.66932,-64.75646,91.5,PVMT,No
St. Croix,2023,4053,17.66976,-64.76595,42.5,PVMT,No
St. Croix,2023,4055,17.67024,-64.80949,18,SCR,No
St. Croix,2023,4056,17.67094,-64.83014,20.5,PVMT,No
St. Croix,2023,4057,17.67221,-64.78897,26,SCR,No
St. Croix,2023,4064,17.67816,-64.78186,31,AGRF,No
St. Croix,2023,4069,17.6802,-64.7164,56.5,PVMT,No
St. Croix,2023,4073,17.68238,-64.71549,58,PVMT,No
St. Croix,2023,4079,17.68315,-64.7328,45.5,PVMT,No
St. Croix,2023,4084,17.6871,-64.70137,57.5,AGRF,No
St. Croix,2023,4089,17.69307,-64.69518,34.5,PVMT,No
St. Croix,2023,4090,17.69135,-64.70849,35,AGRF,No
St. Croix,2023,4093,17.69307,-64.69518,26,PTRF,No
St. Croix,2023,4095,17.69343,-64.69471,21.5,PTRF,No
St. Croix,2023,4098,17.69424,-64.6613,38,PVMT,No
St. Croix,2023,4099,17.69446,-64.67509,35.5,PVMT,No
St. Croix,2023,4100,17.69472,-64.64263,70,PVMT,No
St. Croix,2023,4101,17.69513,-64.69331,31.5,PVMT,No
St. Croix,2023,4102,17.69534,-64.68472,26,AGRF,No
St. Croix,2023,4103,17.69393,-64.89706,56.5,AGRF,No
St. Croix,2023,4104,17.69585,-64.67024,34,PVMT,No
St. Croix,2023,4106,17.6962,-64.68574,32,PVMT,No
St. Croix,2023,4107,17.6968,-64.67214,37.5,PVMT,No
St. Croix,2023,4108,17.69724,-64.63309,68,AGRF,No
St. Croix,2023,4109,17.69608,-64.89607,61,AGRF,No
St. Croix,2023,4111,17.69992,-64.67413,37.5,PVMT,No
St. Croix,2023,4112,17.6984,-64.88907,14,SCR,No
St. Croix,2023,4114,17.70074,-64.63257,67,AGRF,No
St. Croix,2023,4116,17.70229,-64.67161,36.5,SCR,No
St. Croix,2023,4117,17.70094,-64.89052,23.5,PTRF,No
St. Croix,2023,4118,17.70332,-64.65034,31.5,PTRF,No
St. Croix,2023,4121,17.70412,-64.66263,36,SCR,No
St. Croix,2023,4122,17.70461,-64.65913,31.5,PVMT,No
St. Croix,2023,4123,17.70535,-64.65981,32.5,PVMT,No
St. Croix,2023,4124,17.70603,-64.63868,51,AGRF,No
St. Croix,2023,4125,17.70614,-64.63081,63,PVMT,No
St. Croix,2023,4128,17.70907,-64.57789,97,AGRF,No
St. Croix,2023,4130,17.70916,-64.64504,33.5,PVMT,No
St. Croix,2023,4131,17.71014,-64.58856,66.5,AGRF,No
St. Croix,2023,4133,17.70894,-64.88952,49,AGRF,No
St. Croix,2023,4135,17.71148,-64.59939,73.5,SCR,No
St. Croix,2023,4137,17.71256,-64.64536,33.5,PVMT,No
St. Croix,2023,4138,17.71808,-64.64808,5.5,PTRF,No
St. Croix,2023,4140,17.72491,-64.55654,71.5,AGRF,No
St. Croix,2023,4141,17.726,-64.54259,67,AGRF,No
St. Croix,2023,4143,17.72888,-64.54044,65.5,AGRF,No
St. Croix,2023,4147,17.73254,-64.56083,74,PVMT,No
St. Croix,2023,4148,17.73448,-64.54883,64,PVMT,No
St. Croix,2023,4150,17.73709,-64.53763,53.5,AGRF,No
St. Croix,2023,4152,17.73587,-64.89593,35.5,AGRF,No
St. Croix,2023,4153,17.73861,-64.60537,3.5,AGRF,No
St. Croix,2023,4154,17.74019,-64.52495,95.5,AGRF,No
St. Croix,2023,4155,17.73982,-64.60317,6.5,AGRF,No
St. Croix,2023,4156,17.73954,-64.59831,26,AGRF,No
St. Croix,2023,4157,17.73796,-64.89229,5,PVMT,No
St. Croix,2023,4159,17.74089,-64.58902,37,PVMT,No
St. Croix,2023,4161,17.74144,-64.53356,54,AGRF,No
St. Croix,2023,4162,17.74135,-64.59232,36,PVMT,No
St. Croix,2023,4163,17.74408,-64.57132,34,PVMT,No
St. Croix,2023,4164,17.74448,-64.54701,72,PVMT,No
St. Croix,2023,4165,17.74709,-64.5269,68.5,AGRF,No
St. Croix,2023,4167,17.74217,-64.89678,29.5,AGRF,No
St. Croix,2023,4168,17.74383,-64.90029,60.5,AGRF,No
St. Croix,2023,4169,17.74471,-64.89928,49,AGRF,No
St. Croix,2023,4171,17.74927,-64.51465,68.5,AGRF,No
St. Croix,2023,4172,17.74744,-64.89755,52.5,AGRF,No
St. Croix,2023,4173,17.7511,-64.523929999999993,69.5,PVMT,No
St. Croix,2023,4174,17.74787,-64.89685,48,PTRF,No
St. Croix,2023,4176,17.75333,-64.51357,53,PVMT,No
St. Croix,2023,4177,17.75939,-64.71502,14.5,AGRF,No
St. Croix,2023,4179,17.75962,-64.50148,88.5,AGRF,No
St. Croix,2023,4183,17.75985,-64.64204,5.5,AGRF,No
St. Croix,2023,4185,17.76017,-64.69692,17.5,PVMT,No
St. Croix,2023,4186,17.76041,-64.69161,14,SCR,No
St. Croix,2023,4187,17.7619,-64.72168,15.5,AGRF,No
St. Croix,2023,4188,17.7605,-64.71644,24,AGRF,No
St. Croix,2023,4189,17.76134,-64.61488,3.5,BDRK,No
St. Croix,2023,4190,17.76172,-64.67365,4.5,AGRF,No
St. Croix,2023,4191,17.76183,-64.69395,22,SCR,No
St. Croix,2023,4192,17.7619,-64.67364,6,BDRK,No
St. Croix,2023,4193,17.76274,-64.58848,12.5,PTRF,No
St. Croix,2023,4194,17.7629,-64.60891,4.5,AGRF,No
St. Croix,2023,4195,17.76309,-64.5948,33.5,AGRF,No
St. Croix,2023,4196,17.76127,-64.89292,68.5,SCR,No
St. Croix,2023,4197,17.76464,-64.50534,53,AGRF,No
St. Croix,2023,4200,17.76451,-64.61897,6.5,AGRF,No
St. Croix,2023,4204,17.76438,-64.64468,5.5,PVMT,No
St. Croix,2023,4205,17.76412,-64.84383,17.5,AGRF,No
St. Croix,2023,4206,17.76523,-64.66536,6,AGRF,No
St. Croix,2023,4207,17.76598,-64.63537,8,PVMT,No
St. Croix,2023,4208,17.76655,-64.5748,33.5,PVMT,No
St. Croix,2023,4209,17.76678,-64.57478,36,PVMT,No
St. Croix,2023,4211,17.76731,-64.51508,81,PTRF,No
St. Croix,2023,4213,17.76748,-64.49603,67.5,AGRF,No
St. Croix,2023,4216,17.76748,-64.63934,27.5,PTRF,No
St. Croix,2023,4217,17.7683,-64.60474,51,PTRF,No
St. Croix,2023,4218,17.76815,-64.69118,21,AGRF,No
St. Croix,2023,4220,17.76658,-64.88539,39.5,AGRF,No
St. Croix,2023,4222,17.76987,-64.51377,79,AGRF,No
St. Croix,2023,4224,17.77068,-64.53144,97.5,PTRF,No
St. Croix,2023,4225,17.77073,-64.50543,78.5,PTRF,No
St. Croix,2023,4226,17.77021,-64.73588,16.5,PVMT,No
St. Croix,2023,4227,17.77131,-64.56661,76.5,PVMT,No
St. Croix,2023,4233,17.77325,-64.59839,55.5,PTRF,No
St. Croix,2023,4234,17.77395,-64.56712,77,PVMT,No
St. Croix,2023,4236,17.77335,-64.68657,24,PVMT,No
St. Croix,2023,4237,17.77492,-64.59404,58.5,PTRF,No
St. Croix,2023,4239,17.77336,-64.87102,81.5,PVMT,No
St. Croix,2023,4240,17.7767,-64.52192,95.5,AGRF,No
St. Croix,2023,4241,17.77449,-64.81233,33.5,PTRF,No
St. Croix,2023,4243,17.77613,-64.64943,33,PVMT,No
St. Croix,2023,4244,17.77694,-64.64609,34,PVMT,No
St. Croix,2023,4245,17.77741,-64.65724,28,PVMT,No
St. Croix,2023,4246,17.7779,-64.6058,46,PTRF,No
St. Croix,2023,4248,17.77799,-64.67882,52,AGRF,No
St. Croix,2023,4250,17.77868,-64.65971,26.5,PVMT,No
St. Croix,2023,4252,17.77923,-64.64598,35.5,PVMT,No
St. Croix,2023,4254,17.77971,-64.629,45,PVMT,No
St. Croix,2023,4255,17.78,-64.6244,42,PTRF,No
St. Croix,2023,4257,17.77998,-64.80363,14,AGRF,No
St. Croix,2023,4258,17.78058,-64.6484,30,PVMT,No
St. Croix,2023,4259,17.78175,-64.48941,47.5,AGRF,No
St. Croix,2023,4260,17.78142,-64.59984,17.5,AGRF,No
St. Croix,2023,4261,17.7815,-64.59387,40,SCR,No
St. Croix,2023,4262,17.78155,-64.58805,26,AGRF,No
St. Croix,2023,4263,17.7815,-64.58333,33.5,AGRF,No
St. Croix,2023,4264,17.77421,-64.81276,17.5,PVMT,No
St. Croix,2023,4266,17.78222,-64.59567,36.5,PTRF,No
St. Croix,2023,4267,17.78189,-64.58938,24.5,AGRF,No
St. Croix,2023,4269,17.78288,-64.49549,81.5,PTRF,No
St. Croix,2023,4270,17.780639999999998,-64.80171,24.5,PVMT,No
St. Croix,2023,4271,17.78235,-64.62134,29.5,PTRF,No
St. Croix,2023,4272,17.78245,-64.5961,37,AGRF,No
St. Croix,2023,4275,17.7829,-64.61687,24.5,AGRF,No
St. Croix,2023,4276,17.78283,-64.59838,37.5,PTRF,No
St. Croix,2023,4278,17.78321,-64.75884,9,PVMT,No
St. Croix,2023,4279,17.78434,-64.752,12,AGRF,No
St. Croix,2023,4280,17.78316,-64.618,8,AGRF,No
St. Croix,2023,4281,17.78376,-64.61652,4.5,AGRF,No
St. Croix,2023,4282,17.78369,-64.57624,45.5,PVMT,No
St. Croix,2023,4284,17.78388,-64.75204,7,BDRK,No
St. Croix,2023,4285,17.78499,-64.60296,23.5,PTRF,No
St. Croix,2023,4286,17.7832,-64.75729,32.5,AGRF,No
St. Croix,2023,4287,17.78442,-64.75212,10.5,AGRF,No
St. Croix,2023,4289,17.78462,-64.59262,24.5,PVMT,No
St. Croix,2023,4290,17.78525,-64.55846,72,PVMT,No
St. Croix,2023,4291,17.78548,-64.49393,75.5,PTRF,No
St. Croix,2023,4292,17.78355,-64.78613,11,AGRF,No
St. Croix,2023,4295,17.78544,-64.56266,78,PVMT,No
St. Croix,2023,4296,17.78412,-64.77139,33.5,AGRF,No
St. Croix,2023,4297,17.78538,-64.62884,19,SCR,No
St. Croix,2023,4298,17.7854,-64.61101,28,AGRF,No
St. Croix,2023,4299,17.78537,-64.60826,31.5,PTRF,No
St. Croix,2023,4300,17.78582,-64.58697,38,SCR,No
St. Croix,2023,4301,17.78589,-64.53177,77.5,AGRF,No
St. Croix,2023,4302,17.78449,-64.76445,47,AGRF,No
St. Croix,2023,4303,17.78471,-64.75254,15.5,PVMT,No
St. Croix,2023,4305,17.78607,-64.59664,43,PTRF,No
St. Croix,2023,4306,17.78629,-64.55448,76.5,AGRF,No
St. Croix,2023,4307,17.78499,-64.77056,77,AGRF,No
St. Croix,2023,4308,17.78389,-64.75819,58,AGRF,No
St. Croix,2023,4309,17.78504,-64.75754,77.5,AGRF,No
St. Croix,2023,4310,17.7864,-64.5989,41.5,PTRF,No
St. Croix,2023,4311,17.78731,-64.48254,65.5,AGRF,No
St. Croix,2023,4313,17.78588,-64.76015,86,AGRF,No
St. Croix,2023,4315,17.78613,-64.7739,75,AGRF,No
St. Croix,2023,4316,17.78649,-64.75203,25,PVMT,No
St. Croix,2023,4317,17.78783,-64.5999,41,PTRF,No
St. Croix,2023,4318,17.7878,-64.59809,41,PTRF,No
St. Croix,2023,4319,17.78791,-64.58952,37.5,AGRF,No
St. Croix,2023,4322,17.7886,-64.62765,3.5,BDRK,No
St. Croix,2023,4325,17.79017,-64.62752,4.5,AGRF,No
St. Croix,2023,4326,17.78881,-64.6106,7,AGRF,No
St. Croix,2023,4327,17.79032,-64.49892,86,AGRF,No
St. Croix,2023,4328,17.78949,-64.63332,4.5,AGRF,No
St. Croix,2023,4331,17.78945,-64.62629,3.5,BDRK,No
St. Croix,2023,4333,17.78957,-64.75494,63.5,AGRF,No
St. Croix,2023,4334,17.78943,-64.75469,60,AGRF,No
St. Croix,2023,4335,17.79075,-64.63877,27.5,SCR,No
St. Croix,2023,4336,17.79038,-64.62726,5,AGRF,No
St. Croix,2023,4337,17.79076,-64.6196,7.5,AGRF,No
St. Croix,2023,4339,17.7909,-64.60975,34,PTRF,No
St. Croix,2023,4340,17.79095,-64.59762,30.5,PVMT,No
St. Croix,2023,4342,17.77068,-64.53144,65.5,AGRF,No
St. Croix,2023,4343,17.7899,-64.74975,43,PVMT,No
St. Croix,2023,4345,17.79154,-64.62707,13,PTRF,No
St. Croix,2023,4346,17.79191,-64.60548,41.5,PTRF,No
St. Croix,2023,4347,17.79202,-64.58571,35,PVMT,No
St. Croix,2023,4348,17.79095,-64.75002,52.5,AGRF,No
St. Croix,2023,4349,17.79206,-64.62339,15,AGRF,No
St. Croix,2023,4350,17.7923,-64.62311,15.5,PTRF,No
St. Croix,2023,4351,17.79234,-64.60546,38,PTRF,No
St. Croix,2023,4352,17.79237,-64.64273,34.5,AGRF,No
St. Croix,2023,4353,17.79243,-64.62021,25,PTRF,No
St. Croix,2023,4354,17.79316,-64.61908,28,PTRF,No
St. Croix,2023,4355,17.79296,-64.63985,21,SCR,No
St. Croix,2023,4356,17.79315,-64.63819,8.5,AGRF,No
St. Croix,2023,4359,17.79349,-64.54091,77,AGRF,No
St. Croix,2023,4361,17.79374,-64.63944,16.5,AGRF,No
St. Croix,2023,4364,17.79473,-64.62491,28.5,PTRF,No
St. Croix,2023,4366,17.79551,-64.61496,43,PTRF,No
St. Croix,2023,4367,17.79554,-64.60757,40.5,SCR,No
St. Croix,2023,4368,17.7988,-64.48418,77,AGRF,No
St. Croix,2023,4369,17.79573,-64.61976,39.5,PTRF,No
St. Croix,2023,4370,17.79569,-64.64169,59.5,SCR,No
St. Croix,2023,4371,17.79613,-64.58046,57.5,PVMT,No
St. Croix,2023,4372,17.79669,-64.62628,30,PTRF,No
St. Croix,2023,4374,17.79664,-64.61783,28.5,PTRF,No
St. Croix,2023,4375,17.79759,-64.46666,71,PTRF,No
St. Croix,2023,4376,17.79697,-64.6182,42,PTRF,No
St. Croix,2023,4377,17.79757,-64.61314,17.5,AGRF,No
St. Croix,2023,4378,17.79787,-64.57854,58.5,PVMT,No
St. Croix,2023,4380,17.79864,-64.48399,78.5,AGRF,No
St. Croix,2023,4381,17.79839,-64.6241,33.5,SCR,No
St. Croix,2023,4382,17.7986,-64.59997,25,PVMT,No
St. Croix,2023,4383,17.79909,-64.52586,76.5,AGRF,No
St. Croix,2023,4384,17.80349,-64.60288,32.5,AGRF,No
St. Croix,2023,4385,17.79889,-64.61646,15,AGRF,No
St. Croix,2023,4386,17.79903,-64.60372,21.5,AGRF,No
St. Croix,2023,4387,17.79913,-64.62929,14,AGRF,No
St. Croix,2023,4388,17.79917,-64.6268,23,AGRF,No
St. Croix,2023,4389,17.79942,-64.62127,36,PTRF,No
St. Croix,2023,4391,17.8003,-64.62651,20.5,PTRF,No
St. Croix,2023,4392,17.80123,-64.51676,77.5,AGRF,No
St. Croix,2023,4394,17.80233,-64.47258,82.5,PTRF,No
St. Croix,2023,4395,17.8022,-64.45422,60,AGRF,No
St. Croix,2023,4396,17.80196,-64.63444,27,PVMT,No
St. Croix,2023,4397,17.80257,-64.60903,27,PVMT,No
St. Croix,2023,4399,17.80329,-64.63006,15,PVMT,No
St. Croix,2023,4400,17.80351,-64.61462,26.5,PVMT,No
St. Croix,2023,4401,17.80349,-64.60288,48,AGRF,No
St. Croix,2023,4402,17.80404,-64.60317,50.5,PVMT,No
St. Croix,2023,4403,17.805,-64.52484,65.5,AGRF,No
St. Croix,2023,4404,17.80557,-64.44304,68,AGRF,No
St. Croix,2023,4407,17.80528,-64.61513,34.5,PVMT,No
St. Croix,2023,4409,17.80811,-64.62485,74,AGRF,No
St. Croix,2023,4410,17.80821,-64.63537,46.5,PVMT,No
St. Croix,2023,4411,17.80891,-64.50095,73,AGRF,No
St. Croix,2023,4413,17.80947,-64.63885,93.5,AGRF,No
St. Croix,2023,4414,17.81008,-64.63479,55,PVMT,No
St. Croix,2023,4415,17.81,-64.63265,59,PVMT,No
St. Croix,2023,4419,17.81387,-64.51183,46,AGRF,No
St. Croix,2023,4422,17.81754,-64.46041,51,AGRF,No
St. Croix,2023,4424,17.81888,-64.48844,63,AGRF,No
St. Croix,2023,4425,17.8189,-64.45099,47.5,PVMT,No
St. Croix,2023,4426,17.82013,-64.49102,59.5,AGRF,No
St. Croix,2023,4427,17.8222,-64.49011,39.5,AGRF,No
St. Croix,2023,4430,17.82503,-64.49827,90.5,AGRF,No
St. Croix,2023,4500,17.78332,-64.75735,45.5,AGRF,No
St. Croix,2025,4000,17.80828,-64.63745,58,PVMT,Yes
St. Croix,2025,4001,17.80933,-64.62963,59,PVMT,Yes
St. Croix,2025,4002,17.71999,-64.55146,76.5,AGRF,Yes
St. Croix,2025,4003,17.70987,-64.57606,87,AGRF,Yes
St. Croix,2025,4004,17.7085,-64.58039,77.5,AGRF,Yes
St. Croix,2025,4005,17.78094,-64.65901,73.5,AGRF,Yes
St. Croix,2025,4007,17.76469,-64.49693,54.5,AGRF,Yes
St. Croix,2025,4009,17.7227,-64.89523,60,AGRF,Yes
St. Croix,2025,4010,17.76962,-64.82092,43.5,AGRF,Yes
St. Croix,2025,4011,17.76141,-64.71156,83,AGRF,Yes
St. Croix,2025,4012,17.72065,-64.89346,51,AGRF,Yes
St. Croix,2025,4013,17.76858,-64.82561,83,AGRF,Yes
St. Croix,2025,4014,17.78622,-64.7729,91.5,AGRF,Yes
St. Croix,2025,4015,17.78509,-64.75947,59,AGRF,Yes
St. Croix,2025,4016,17.78546,-64.76126,64,AGRF,Yes
St. Croix,2025,4017,17.78458,-64.75848,84,AGRF,Yes
St. Croix,2025,4018,17.63871,-64.83978,89,AGRF,Yes
St. Croix,2025,4019,17.64912,-64.7982,83,AGRF,Yes
St. Croix,2025,4020,17.64583,-64.81356,59.5,AGRF,Yes
St. Croix,2025,4022,17.63814,-64.86121,70,AGRF,Yes
St. Croix,2025,4023,17.63889,-64.89715,81,AGRF,Yes
St. Croix,2025,4024,17.63822,-64.90466,79.5,AGRF,Yes
St. Croix,2025,4025,17.67447,-64.74313,69,PVMT,Yes
St. Croix,2025,4026,17.63734,-64.89975,78,AGRF,Yes
St. Croix,2025,4027,17.63554,-64.86755,90.5,AGRF,Yes
St. Croix,2025,4028,17.63823,-64.85349,57,PVMT,Yes
St. Croix,2025,4029,17.63733,-64.88211,72.5,AGRF,Yes
St. Croix,2025,4030,17.79478,-64.62994,8.5,PVMT,Yes
St. Croix,2025,4031,17.78876,-64.61271,9,AGRF,Yes
St. Croix,2025,4032,17.79281,-64.6228,27,PTRF,Yes
St. Croix,2025,4033,17.79046,-64.61977,11,AGRF,Yes
St. Croix,2025,4034,17.79256,-64.62383,21.5,AGRF,Yes
St. Croix,2025,4035,17.7652,-64.61777,6.5,AGRF,Yes
St. Croix,2025,4039,17.76237,-64.60125,16,AGRF,Yes
St. Croix,2025,4040,17.76585,-64.62642,7,AGRF,Yes
St. Croix,2025,4041,17.75867,-64.70942,15.5,AGRF,Yes
St. Croix,2025,4042,17.75647,-64.70791,4.5,AGRF,Yes
St. Croix,2025,4043,17.75714,-64.71696,3,SCR,Yes
St. Croix,2025,4044,17.78193,-64.76019,3.5,SCR,Yes
St. Croix,2025,4045,17.78086,-64.75641,7.5,AGRF,Yes
St. Croix,2025,4049,17.68408,-64.75126,16,PVMT,Yes
St. Croix,2025,4050,17.78861,-64.6279,4.5,BDRK,Yes
St. Croix,2025,4052,17.75802,-64.58893,4,BDRK,Yes
St. Croix,2025,4054,17.76122,-64.6827,23,SCR,Yes
St. Croix,2025,4055,17.78337,-64.75363,12.5,BDRK,Yes
St. Croix,2025,4056,17.78396,-64.75151,7,BDRK,Yes
St. Croix,2025,4057,17.78337,-64.75324,9,AGRF,Yes
St. Croix,2025,4061,17.78992,-64.60841,39.5,PTRF,Yes
St. Croix,2025,4062,17.78995,-64.60385,39,PTRF,Yes
St. Croix,2025,4063,17.79297,-64.607,42.5,PTRF,Yes
St. Croix,2025,4064,17.78902,-64.60416,42,PTRF,Yes
St. Croix,2025,4065,17.78645,-64.59668,41.5,PTRF,Yes
St. Croix,2025,4066,17.79224,-64.6135,35.5,PTRF,Yes
St. Croix,2025,4067,17.77867,-64.59405,56,PTRF,Yes
St. Croix,2025,4068,17.78819,-64.60455,36,PTRF,Yes
St. Croix,2025,4069,17.79565,-64.61924,39,PTRF,Yes
St. Croix,2025,4070,17.78734,-64.59705,42,PTRF,Yes
St. Croix,2025,4071,17.77779,-64.60555,47.5,PTRF,Yes
St. Croix,2025,4073,17.76804,-64.61806,43.5,PTRF,Yes
St. Croix,2025,4074,17.76869,-64.61871,38.5,PTRF,Yes
St. Croix,2025,4075,17.78377,-64.4953,78,PTRF,Yes
St. Croix,2025,4076,17.7677,-64.51269,83,PTRF,Yes
St. Croix,2025,4078,17.69173,-64.68114,38,PVMT,Yes
St. Croix,2025,4079,17.79626,-64.60756,31,PTRF,Yes
St. Croix,2025,4080,17.78768,-64.60361,29.5,PTRF,Yes
St. Croix,2025,4082,17.79093,-64.59376,37,AGRF,Yes
St. Croix,2025,4083,17.79219,-64.61609,28.5,PTRF,Yes
St. Croix,2025,4084,17.79997,-64.62817,15,AGRF,Yes
St. Croix,2025,4085,17.79031,-64.61233,27.5,PTRF,Yes
St. Croix,2025,4086,17.78589,-64.60229,33.5,PTRF,Yes
St. Croix,2025,4087,17.78444,-64.60451,30.5,PTRF,Yes
St. Croix,2025,4089,17.76314,-64.58889,9,PTRF,Yes
St. Croix,2025,4090,17.78045,-64.75402,7.5,AGRF,Yes
St. Croix,2025,4091,17.69308,-64.72567,18,PTRF,Yes
St. Croix,2025,4093,17.69209,-64.69277,25.5,PVMT,Yes
St. Croix,2025,4094,17.80624,-64.61435,40,PVMT,Yes
St. Croix,2025,4095,17.79114,-64.58312,37.5,PVMT,Yes
St. Croix,2025,4096,17.79699,-64.64018,41,AGRF,Yes
St. Croix,2025,4097,17.8087,-64.63563,48,PVMT,Yes
St. Croix,2025,4098,17.80005,-64.59336,39,PVMT,Yes
St. Croix,2025,4099,17.79948,-64.59392,37,PVMT,Yes
St. Croix,2025,4100,17.79015,-64.58009,48.5,PVMT,Yes
St. Croix,2025,4101,17.81075,-64.63371,85.5,PVMT,Yes
St. Croix,2025,4102,17.79757,-64.57041,66,PVMT,Yes
St. Croix,2025,4103,17.80879,-64.62587,79.5,AGRF,Yes
St. Croix,2025,4104,17.79839,-64.58437,52,PVMT,Yes
St. Croix,2025,4105,17.80442,-64.60162,80,AGRF,Yes
St. Croix,2025,4108,17.79444,-64.57645,61.5,PVMT,Yes
St. Croix,2025,4109,17.80752,-64.62242,70,AGRF,Yes
St. Croix,2025,4110,17.79697,-64.58176,55,PVMT,Yes
St. Croix,2025,4111,17.79437,-64.58043,54,PVMT,Yes
St. Croix,2025,4112,17.77887,-64.56537,78,PVMT,Yes
St. Croix,2025,4113,17.75445,-64.51826,62,AGRF,Yes
St. Croix,2025,4114,17.79582,-64.54454,71.5,AGRF,Yes
St. Croix,2025,4116,17.76118,-64.54211,79.5,PVMT,Yes
St. Croix,2025,4118,17.71827,-64.58894,68.5,PVMT,Yes
St. Croix,2025,4119,17.71386,-64.61483,64,PVMT,Yes
St. Croix,2025,4121,17.71492,-64.61397,62,PVMT,Yes
St. Croix,2025,4122,17.72051,-64.57526,78.5,AGRF,Yes
St. Croix,2025,4123,17.7568,-64.51313,50.5,PVMT,Yes
St. Croix,2025,4124,17.7854,-64.55613,74,PVMT,Yes
St. Croix,2025,4125,17.69711,-64.63328,67.5,AGRF,Yes
St. Croix,2025,4129,17.70505,-64.59528,74,AGRF,Yes
St. Croix,2025,4131,17.69351,-64.64822,56.5,PVMT,Yes
St. Croix,2025,4132,17.79134,-64.55424,66,AGRF,Yes
St. Croix,2025,4134,17.78776,-64.53601,75.5,AGRF,Yes
St. Croix,2025,4135,17.73445,-64.56533,70,PVMT,Yes
St. Croix,2025,4137,17.80329,-64.48688,88,PTRF,Yes
St. Croix,2025,4138,17.78267,-64.48378,58,PVMT,Yes
St. Croix,2025,4139,17.80365,-64.47476,81.5,AGRF,Yes
St. Croix,2025,4140,17.8143,-64.454,53,AGRF,Yes
St. Croix,2025,4141,17.81133,-64.51141,46.5,AGRF,Yes
St. Croix,2025,4142,17.77846,-64.48948,69,AGRF,Yes
St. Croix,2025,4143,17.79565,-64.61924,78.5,AGRF,Yes
St. Croix,2025,4144,17.79378,-64.4486,93,AGRF,Yes
St. Croix,2025,4146,17.7959,-64.46633,71.5,PVMT,Yes
St. Croix,2025,4147,17.8111,-64.52572,52.5,PVMT,Yes
St. Croix,2025,4148,17.81629,-64.45613,50.5,PVMT,Yes
St. Croix,2025,4149,17.81796,-64.4661,56.5,PVMT,Yes
St. Croix,2025,4150,17.80426,-64.51372,65,AGRF,Yes
St. Croix,2025,4154,17.80889,-64.49166,85.5,AGRF,Yes
St. Croix,2025,4155,17.79841,-64.46284,66.5,AGRF,Yes
St. Croix,2025,4156,17.77331,-64.50182,71,PTRF,Yes
St. Croix,2025,4157,17.80896,-64.45941,61,PVMT,Yes
St. Croix,2025,4158,17.78971,-64.4769,74,PVMT,Yes
St. Croix,2025,4161,17.82206,-64.45632,50,PVMT,Yes
St. Croix,2025,4162,17.78278,-64.74183,57,AGRF,Yes
St. Croix,2025,4163,17.78933,-64.75122,37,PVMT,Yes
St. Croix,2025,4164,17.79051,-64.75056,46.5,PVMT,Yes
St. Croix,2025,4165,17.79016,-64.75284,63,PVMT,Yes
St. Croix,2025,4166,17.6554,-64.79861,38.5,AGRF,Yes
St. Croix,2025,4167,17.63871,-64.89241,71,AGRF,Yes
St. Croix,2025,4168,17.64384,-64.87897,46,PVMT,Yes
St. Croix,2025,4169,17.67537,-64.75448,39.5,PVMT,Yes
St. Croix,2025,4170,17.64963,-64.88148,50.5,PVMT,Yes
St. Croix,2025,4172,17.6436,-64.88516,48.5,PVMT,Yes
St. Croix,2025,4173,17.65671,-64.81323,43,PVMT,Yes
St. Croix,2025,4176,17.6448,-64.87625,46,PVMT,Yes
St. Croix,2025,4177,17.67665,-64.74996,41.5,PVMT,Yes
St. Croix,2025,4178,17.64488,-64.86487,47.5,PVMT,Yes
St. Croix,2025,4179,17.68244,-64.72266,53.5,AGRF,Yes
St. Croix,2025,4180,17.65864,-64.79489,41.5,AGRF,Yes
St. Croix,2025,4181,17.63999,-64.86866,52,AGRF,Yes
St. Croix,2025,4185,17.79633,-64.59292,35,PVMT,Yes
St. Croix,2025,4186,17.78066,-64.64373,31,PVMT,Yes
St. Croix,2025,4187,17.79012,-64.58754,31.5,AGRF,Yes
St. Croix,2025,4188,17.79421,-64.64006,20.5,PVMT,Yes
St. Croix,2025,4189,17.80344,-64.61829,17.5,PVMT,Yes
St. Croix,2025,4190,17.79591,-64.63334,15.5,AGRF,Yes
St. Croix,2025,4191,17.79612,-64.63048,19.5,PVMT,Yes
St. Croix,2025,4192,17.80478,-64.63512,37.5,PVMT,Yes
St. Croix,2025,4193,17.79051,-64.59715,28.5,PVMT,Yes
St. Croix,2025,4194,17.70021,-64.65239,34.5,PVMT,Yes
St. Croix,2025,4195,17.77917,-64.64952,31,PVMT,Yes
St. Croix,2025,4196,17.76848,-64.58557,19,AGRF,Yes
St. Croix,2025,4197,17.71027,-64.64633,30,PVMT,Yes
St. Croix,2025,4198,17.82136,-64.49355,38.5,PVMT,Yes
St. Croix,2025,4199,17.71742,-64.88821,29,AGRF,Yes
St. Croix,2025,4200,17.7662,-64.82941,26,AGRF,Yes
St. Croix,2025,4202,17.77874,-64.80861,16.5,PVMT,Yes
St. Croix,2025,4203,17.78833,-64.75132,33,PVMT,Yes
St. Croix,2025,4204,17.78877,-64.75082,39,PVMT,Yes
St. Croix,2025,4205,17.78683,-64.75699,31.5,PVMT,Yes
St. Croix,2025,4206,17.66728,-64.79452,22.5,AGRF,Yes
St. Croix,2025,4207,17.65744,-64.86691,29.5,SCR,No
St. Croix,2025,4209,17.69171,-64.69276,25.5,PVMT,Yes
St. Croix,2025,4211,17.70016,-64.69613,18.5,PVMT,Yes
St. Croix,2025,4212,17.65425,-64.84326,33,PVMT,Yes
St. Croix,2025,4213,17.68414,-64.71919,32,PVMT,Yes
St. Croix,2025,4214,17.65559,-64.8912,29,PVMT,Yes
St. Croix,2025,4215,17.6598,-64.82241,28.5,AGRF,Yes
St. Croix,2025,4217,17.78179,-64.5994,34,AGRF,Yes
St. Croix,2025,4218,17.78693,-64.5844,42.5,SCR,Yes
St. Croix,2025,4219,17.77305,-64.60076,48.5,PTRF,Yes
St. Croix,2025,4220,17.79156,-64.6137,37,PTRF,Yes
St. Croix,2025,4221,17.77967,-64.59608,50.5,AGRF,Yes
St. Croix,2025,4222,17.76986,-64.57211,65,PVMT,Yes
St. Croix,2025,4226,17.7717,-64.52119,94.5,AGRF,Yes
St. Croix,2025,4227,17.73383,-64.54755,73.5,SCR,Yes
St. Croix,2025,4228,17.80017,-64.47842,87,PTRF,Yes
St. Croix,2025,4230,17.81764,-64.52535,93.5,AGRF,Yes
St. Croix,2025,4231,17.8012,-64.48192,84,AGRF,Yes
St. Croix,2025,4232,17.79595,-64.4778,88,AGRF,Yes
St. Croix,2025,4233,17.81878,-64.51637,80.5,PVMT,Yes
St. Croix,2025,4234,17.71749,-64.89011,41.5,PVMT,Yes
St. Croix,2025,4236,17.79033,-64.75386,86.5,PVMT,Yes
St. Croix,2025,4237,17.66593,-64.78692,44.5,PVMT,Yes
St. Croix,2025,4238,17.67259,-64.77135,39,PVMT,Yes
St. Croix,2025,4239,17.67397,-64.76676,44.5,SCR,Yes
St. Croix,2025,4241,17.67238,-64.7738,41,SCR,Yes
St. Croix,2025,4242,17.7927,-64.62417,21,AGRF,Yes
St. Croix,2025,4244,17.79096,-64.63812,20.5,SCR,Yes
St. Croix,2025,4247,17.76303,-64.83649,25,SCR,Yes
St. Croix,2025,4248,17.66991,-64.80025,24,PVMT,Yes
St. Croix,2025,4249,17.65974,-64.82294,34.5,PVMT,Yes
St. Croix,2025,4250,17.78238,-64.62019,35,AGRF,Yes
St. Croix,2025,4258,17.73865,-64.89831,45,AGRF,Yes
St. Croix,2025,4259,17.76381,-64.89045,91,PVMT,Yes
St. Croix,2025,4262,17.74033,-64.89834,47,AGRF,Yes
St. Croix,2025,4279,17.64019,-64.83519,64.5,AGRF,Yes
St. Croix,2025,4283,17.78356,-64.617679999999993,4.5,AGRF,Yes
St. Croix,2025,4286,17.75952,-64.59151,7,PTRF,Yes
St. Croix,2025,4288,17.76325,-64.60499,9,AGRF,Yes
St. Croix,2025,4290,17.76533,-64.61876,8.5,AGRF,Yes
St. Croix,2025,4293,17.7562,-64.6986,8,AGRF,Yes
St. Croix,2025,4301,17.76248,-64.65849,5.5,BDRK,Yes
St. Croix,2025,4314,17.79444,-64.60791,41,PTRF,Yes
St. Croix,2025,4315,17.78374,-64.611,45,PTRF,Yes
St. Croix,2025,4316,17.78856,-64.60086,40,PTRF,Yes
St. Croix,2025,4317,17.7788,-64.59527,52.5,AGRF,No
St. Croix,2025,4318,17.79396,-64.60649,37.5,SCR,Yes
St. Croix,2025,4320,17.79626,-64.61042,37.5,PTRF,Yes
St. Croix,2025,4321,17.78245,-64.60397,48,PTRF,No
St. Croix,2025,4323,17.76818,-64.61217,36.5,PTRF,Yes
St. Croix,2025,4330,17.79787,-64.61079,31.5,PTRF,Yes
St. Croix,2025,4332,17.78965,-64.61894,9,PTRF,Yes
St. Croix,2025,4333,17.79893,-64.61548,14,AGRF,Yes
St. Croix,2025,4334,17.79616,-64.62862,14.5,AGRF,Yes
St. Croix,2025,4336,17.79712,-64.60893,31.5,PVMT,Yes
St. Croix,2025,4338,17.76479,-64.59024,30.5,PTRF,Yes
St. Croix,2025,4341,17.65801,-64.84003,25.5,AGRF,Yes
St. Croix,2025,4343,17.6604,-64.8197,32.5,PTRF,Yes
St. Croix,2025,4344,17.8088,-64.63477,45,PVMT,Yes
St. Croix,2025,4345,17.79872,-64.58527,50.5,AGRF,Yes
St. Croix,2025,4346,17.80587,-64.61338,40.5,PVMT,Yes
St. Croix,2025,4347,17.80741,-64.61542,74.5,AGRF,Yes
St. Croix,2025,4349,17.80876,-64.62986,44,AGRF,Yes
St. Croix,2025,4350,17.78266,-64.61395,47.5,PTRF,Yes
St. Croix,2025,4351,17.80389,-64.63864,76,AGRF,Yes
St. Croix,2025,4353,17.8068,-64.63436,37.5,PVMT,Yes
St. Croix,2025,4354,17.79567,-64.57548,59.5,PVMT,Yes
St. Croix,2025,4355,17.80409,-64.60341,45,AGRF,Yes
St. Croix,2025,4357,17.80922,-64.63003,52,PVMT,Yes
St. Croix,2025,4358,17.79604,-64.64083,44.5,SCR,Yes
St. Croix,2025,4359,17.80047,-64.59199,45,PVMT,Yes
St. Croix,2025,4360,17.78311,-64.60991,50.5,PTRF,Yes
St. Croix,2025,4361,17.79787,-64.57866,56.5,PVMT,Yes
St. Croix,2025,4364,17.78929,-64.56168,68.5,AGRF,Yes
St. Croix,2025,4366,17.79595,-64.5515,54.5,PVMT,Yes
St. Croix,2025,4367,17.80099,-64.5468,60.5,PVMT,Yes
St. Croix,2025,4381,17.79995,-64.54438,44.5,PVMT,Yes
St. Croix,2025,4383,17.77429,-64.55568,83,PVMT,Yes
St. Croix,2025,4385,17.77717,-64.57153,64,PVMT,Yes
St. Croix,2025,4397,17.79433,-64.52246,73.5,AGRF,Yes
St. Croix,2025,4402,17.80168,-64.53636,53,PVMT,Yes
St. Croix,2025,4424,17.64313,-64.90055,58,AGRF,Yes
St. Croix,2025,4431,17.78853,-64.60642,37.5,PTRF,Yes
St. Croix,2025,4434,17.64917,-64.85085,47,PVMT,Yes
St. Croix,2025,4435,17.78794,-64.58997,35.5,AGRF,Yes
St. Croix,2025,4436,17.78192,-64.58713,22.5,AGRF,Yes
St. Croix,2025,4438,17.78868,-64.5929,23.5,AGRF,Yes
St. Croix,2025,4440,17.79644,-64.58866,34.5,PVMT,Yes
St. Croix,2025,4442,17.78025,-64.64243,38.5,PVMT,Yes
St. Croix,2025,4443,17.7954,-64.60504,21.5,AGRF,Yes
St. Croix,2025,4451,17.77356,-64.67766,19.5,PVMT,Yes
St. Croix,2025,4467,17.78566,-64.58632,38.5,PTRF,Yes
St. Croix,2025,4471,17.78027,-64.63996,40.5,SCR,Yes
St. Croix,2025,4472,17.76976,-64.57245,65.5,SCR,Yes
St. Croix,2025,4473,17.77517,-64.58054,48.5,PTRF,Yes
St. Croix,2025,4475,17.77353,-64.58033,60,SCR,Yes
St. Croix,2025,4477,17.76831,-64.57894,54,AGRF,Yes
St. Croix,2025,4478,17.80008,-64.52978,79.5,PTRF,Yes
St. Croix,2025,4487,17.63932,-64.83911,79,AGRF,Yes
St. Croix,2025,4488,17.67064,-64.77735,44,SCR,Yes
St. Croix,2025,4492,17.7801,-64.64673,30.5,SCR,Yes
St. Croix,2025,4601,17.72353,-64.62932,4,AGRF,Yes
St. Croix,2025,4602,17.76613,-64.63606,6,AGRF,Yes
St. Croix,2025,4603,17.76373,-64.61525,6.5,AGRF,Yes
St. Croix,2025,4604,17.74543,-64.59077,10,PVMT,Yes
St. Croix,2025,4605,17.72042,-64.63527,3,AGRF,Yes
St. Croix,2025,4606,17.714,-64.65133,4,AGRF,Yes
St. Croix,2025,4607,17.76454,-64.64426,4,AGRF,Yes
St. Croix,2025,4608,17.72395,-64.62942,7,AGRF,Yes
St. Croix,2025,4609,17.72417,-64.62793,1.5,AGRF,Yes
St. Croix,2025,4610,17.76898,-64.6648,5.5,BDRK,Yes
St. Croix,2025,4611,17.761,-64.6665,3,BDRK,Yes
St. Croix,2025,4612,17.76719,-64.66605,3.5,BDRK,Yes
St. Croix,2025,4613,17.76165,-64.65862,1.5,BDRK,Yes
St. Croix,2025,4614,17.7301,-64.62235,6.5,AGRF,Yes
St. Croix,2025,4615,17.76368,-64.65698,5.5,BDRK,Yes
St. Croix,2025,4616,17.71262,-64.65947,5.5,PTRF,Yes
St. Croix,2025,4617,17.76754,-64.6391,22,PTRF,Yes
St. Croix,2025,4618,17.71568,-64.65838,7,PTRF,Yes
St. Croix,2025,4619,17.76777,-64.6398,29.5,PTRF,Yes
St. Croix,2025,4620,17.76108,-64.57893,10.5,PTRF,No
St. Croix,2025,4621,17.71805,-64.64672,5,PTRF,Yes
St. Croix,2025,4622,17.76613,-64.63606,36.5,AGRF,Yes
St. Croix,2025,4623,17.76703,-64.6196,38,AGRF,Yes
St. Croix,2025,4624,17.72884,-64.61973,8.5,AGRF,Yes
St. Croix,2025,4625,17.76608,-64.57703,30.5,PVMT,Yes
St. Croix,2025,4626,17.73295,-64.60921,19,PVMT,Yes
St. Croix,2025,4628,17.71717,-64.6441,1.5,AGRF,Yes
St. Croix,2025,4629,17.76308,-64.62297,16.5,AGRF,Yes
St. Croix,2025,4630,17.72868,-64.6194,9.5,AGRF,Yes
St. Croix,2025,4631,17.76571,-64.64309,16.5,AGRF,Yes
St. Croix,2025,4632,17.727,-64.62284,11,PVMT,Yes
St. Croix,2025,4633,17.73026,-64.61628,12,PVMT,Yes
St. Croix,2025,4634,17.76142,-64.57675,10,PTRF,Yes
St. Croix,2025,4636,17.76317,-64.57817,12.5,AGRF,Yes
St. Croix,2025,4637,17.72567,-64.62608,6.5,AGRF,Yes
St. Croix,2025,4638,17.76357,-64.58008,15,AGRF,Yes
St. Croix,2025,4639,17.76087,-64.57698,12,PTRF,Yes
St. Croix,2025,4650,17.76459,-64.61494,6,AGRF,Yes
St. Croix,2025,4651,17.76622,-64.58409,25.5,AGRF,Yes
St. Croix,2025,4661,17.7663,-64.65177,18.5,PVMT,Yes
St. Croix,2025,4671,17.76533,-64.63152,13.5,AGRF,Yes
St. Croix,2025,4673,17.76803,-64.64315,31.5,PTRF,Yes
St. Croix,2025,4675,17.71499,-64.65783,11,PTRF,Yes
St. Croix,2025,4679,17.71445,-64.66232,8,PTRF,Yes
St. Croix,2025,4680,17.76872,-64.64195,30.5,PTRF,Yes
St. Croix,2025,4685,17.76586,-64.61609,36.5,SCR,Yes
St. Croix,2025,4689,17.76651,-64.63916,10,PVMT,Yes
St. Croix,2025,4691,17.76608,-64.58412,15,AGRF,Yes
St. Croix,2025,4692,17.7446,-64.58672,11.5,AGRF,Yes
St. Croix,2025,4693,17.74772,-64.5693,16.5,AGRF,Yes
St. Croix,2025,4694,17.71125,-64.66387,22.5,PVMT,Yes
St. Croix,2025,4695,17.76878,-64.66364,16,PVMT,Yes
St. Croix,2025,4696,17.7657,-64.63259,19,PTRF,Yes
St. Croix,2025,4699,17.76896,-64.6499,23,PVMT,Yes
St. Croix,2025,4701,17.76809,-64.62894,28.5,PVMT,Yes
St. Croix,2025,4703,17.76531,-64.64153,24,PVMT,Yes
St. Croix,2025,4704,17.77006,-64.65731,23,PVMT,Yes
St. Croix,2025,4706,17.73512,-64.60697,13,PVMT,Yes
St. Croix,2025,4707,17.71265,-64.66473,16.5,AGRF,Yes
St. Croix,2025,4718,17.76192,-64.57848,12.5,PTRF,Yes
St. Thomas/John,2017,6000,18.31469,-64.68833,25.6,BDRK,No
St. Thomas/John,2017,6001,18.32579,-64.80147,24.9,BDRK,No
St. Thomas/John,2017,6003,18.33973,-64.69007,21.6,BDRK,No
St. Thomas/John,2017,6004,18.35071,-64.69047,5.9,BDRK,No
St. Thomas/John,2017,6005,18.30777,-64.70144,11.5,BDRK,No
St. Thomas/John,2017,6006,18.35399,-64.78466,18,BDRK,No
St. Thomas/John,2017,6007,18.37024,-64.75924,13.1,BDRK,No
St. Thomas/John,2017,6009,18.29804,-64.8257,22.6,BDRK,No
St. Thomas/John,2017,6013,18.35951,-64.86756,5.9,BDRK,No
St. Thomas/John,2017,6014,18.37718,-64.93007,21,BDRK,No
St. Thomas/John,2017,6015,18.38013,-65.06458,44,BDRK,No
St. Thomas/John,2017,6016,18.30544,-64.8653,20.7,AGRF,No
St. Thomas/John,2017,6018,18.26901,-64.7264,88.6,AGRF,No
St. Thomas/John,2017,6019,18.26898,-64.72592,89.9,AGRF,No
St. Thomas/John,2017,6020,18.26904,-64.73508,87.9,AGRF,No
St. Thomas/John,2017,6022,18.30952,-64.68109,79,AGRF,No
St. Thomas/John,2017,6023,18.32076,-64.65245,81.7,AGRF,No
St. Thomas/John,2017,6024,18.32477,-64.6484,60,AGRF,No
St. Thomas/John,2017,6025,18.335,-64.68857,59.7,AGRF,No
St. Thomas/John,2017,6026,18.35817,-64.67858,66.6,AGRF,No
St. Thomas/John,2017,6027,18.36171,-64.7827,52.5,AGRF,No
St. Thomas/John,2017,6028,18.36241,-64.77879,31.5,AGRF,No
St. Thomas/John,2017,6029,18.36446,-64.77544,45.6,AGRF,No
St. Thomas/John,2017,6030,18.27725,-64.9617,85,AGRF,No
St. Thomas/John,2017,6031,18.30225,-65.00388,58.1,AGRF,No
St. Thomas/John,2017,6032,18.30214,-64.99927,77.7,PVMT,No
St. Thomas/John,2017,6033,18.30657,-64.90177,42.6,AGRF,No
St. Thomas/John,2017,6034,18.37698,-64.96288,48.5,AGRF,No
St. Thomas/John,2017,6035,18.30008,-64.83404,51.5,AGRF,No
St. Thomas/John,2017,6036,18.31181,-64.85633,32.5,AGRF,No
St. Thomas/John,2017,6037,18.17931,-65.10354,96.8,HARD,No
St. Thomas/John,2017,6038,18.17915,-65.1033,96.1,HARD,No
St. Thomas/John,2017,6040,18.1908,-64.73746,90.5,HARD,No
St. Thomas/John,2017,6041,18.19413,-64.73676,88.6,HARD,No
St. Thomas/John,2017,6042,18.23475,-64.65675,89.5,HARD,No
St. Thomas/John,2017,6043,18.23552,-64.84689,92.5,HARD,No
St. Thomas/John,2017,6044,18.23649,-64.84802,95.8,HARD,No
St. Thomas/John,2017,6045,18.26007,-64.97396,86.6,HARD,No
St. Thomas/John,2017,6046,18.2634,-64.89518,75.1,HARD,No
St. Thomas/John,2017,6047,18.2644,-64.8888,85,HARD,No
St. Thomas/John,2017,6048,18.29378,-64.79564,73.5,HARD,No
St. Thomas/John,2017,6049,18.26586,-65.10354,88.9,HARD,No
St. Thomas/John,2017,6050,18.27265,-65.13972,87.6,HARD,No
St. Thomas/John,2017,6051,18.27842,-65.14078,81,HARD,No
St. Thomas/John,2017,6052,18.28289,-65.14229,90.5,HARD,No
St. Thomas/John,2017,6053,18.28382,-65.13102,81.7,HARD,No
St. Thomas/John,2017,6054,18.2897,-65.1379,83,HARD,No
St. Thomas/John,2017,6055,18.29405,-65.1397,85,HARD,No
St. Thomas/John,2017,6056,18.29592,-65.14465,76.1,HARD,No
St. Thomas/John,2017,6057,18.30691,-65.14498,78.7,HARD,No
St. Thomas/John,2017,6058,18.30704,-65.1337,80,HARD,No
St. Thomas/John,2017,6059,18.31006,-65.1465,78.1,HARD,No
St. Thomas/John,2017,6060,18.32787,-64.80966,75.1,HARD,No
St. Thomas/John,2017,6062,18.33914,-64.8188,89.5,HARD,No
St. Thomas/John,2017,6063,18.34479,-64.83426,59.7,HARD,No
St. Thomas/John,2017,6064,18.35186,-64.80509,69.9,HARD,No
St. Thomas/John,2017,6065,18.36779,-64.69295,70.8,HARD,No
St. Thomas/John,2017,6066,18.36828,-64.69179,76.8,HARD,No
St. Thomas/John,2017,6067,18.36957,-64.69245,67.9,HARD,No
St. Thomas/John,2017,6068,18.37008,-64.6964,68.9,HARD,No
St. Thomas/John,2017,6070,18.37101,-64.69267,64.9,HARD,No
St. Thomas/John,2017,6071,18.37067,-64.68557,68.6,HARD,No
St. Thomas/John,2017,6073,18.37129,-64.68398,67.6,AGRF,No
St. Thomas/John,2017,6074,18.37795,-64.74236,87.6,HARD,No
St. Thomas/John,2017,6075,18.35126,-64.80218,55.8,HARD,No
St. Thomas/John,2017,6076,18.35969,-64.79271,70.5,HARD,No
St. Thomas/John,2017,6077,18.36214,-64.68942,71.2,HARD,No
St. Thomas/John,2017,6079,18.37087,-64.73077,61.7,HARD,No
St. Thomas/John,2017,6080,18.37075,-64.71908,67.6,HARD,No
St. Thomas/John,2017,6081,18.37131,-64.72815,64.9,HARD,No
St. Thomas/John,2017,6082,18.37225,-64.72795,66.9,HARD,No
St. Thomas/John,2017,6084,18.37362,-64.74552,28.9,HARD,No
St. Thomas/John,2017,6085,18.30175,-64.96889,88.6,HARD,No
St. Thomas/John,2017,6086,18.33763,-65.06265,51.2,HARD,No
St. Thomas/John,2017,6087,18.34148,-65.05565,82.7,HARD,No
St. Thomas/John,2017,6088,18.34432,-65.05556,94.8,HARD,No
St. Thomas/John,2017,6089,18.3493,-64.85209,65.9,HARD,No
St. Thomas/John,2017,6090,18.35123,-64.85762,63,HARD,No
St. Thomas/John,2017,6092,18.35367,-64.87031,61,HARD,No
St. Thomas/John,2017,6093,18.35865,-64.84563,91.8,HARD,No
St. Thomas/John,2017,6094,18.36474,-64.88351,86.9,HARD,No
St. Thomas/John,2017,6095,18.36487,-64.87913,83.6,HARD,No
St. Thomas/John,2017,6096,18.36965,-65.01575,83,HARD,No
St. Thomas/John,2017,6097,18.37182,-65.02722,74.5,HARD,No
St. Thomas/John,2017,6098,18.37578,-64.95911,60,HARD,No
St. Thomas/John,2017,6099,18.37882,-64.88816,91.5,HARD,No
St. Thomas/John,2017,6101,18.3845,-64.9889,55.8,HARD,No
St. Thomas/John,2017,6102,18.38483,-64.95964,84,HARD,No
St. Thomas/John,2017,6103,18.38587,-64.98812,78.1,HARD,No
St. Thomas/John,2017,6105,18.39212,-64.86327,74.8,HARD,No
St. Thomas/John,2017,6106,18.40496,-65.04853,72.5,HARD,No
St. Thomas/John,2017,6107,18.29501,-64.75703,83,PTRF,No
St. Thomas/John,2017,6109,18.29407,-64.74545,92.5,PTRF,No
St. Thomas/John,2017,6110,18.30114,-64.69199,79.7,PTRF,No
St. Thomas/John,2017,6111,18.30188,-64.73372,72.2,PTRF,No
St. Thomas/John,2017,6113,18.35444,-64.83466,62.6,PTRF,No
St. Thomas/John,2017,6114,18.34933,-64.69992,39.7,PTRF,No
St. Thomas/John,2017,6115,18.3508,-64.69487,30.2,PTRF,No
St. Thomas/John,2017,6116,18.35779,-64.77686,42.6,PTRF,No
St. Thomas/John,2017,6117,18.36237,-64.75802,48.5,PTRF,No
St. Thomas/John,2017,6118,18.36735,-64.75844,56.1,PTRF,No
St. Thomas/John,2017,6119,18.32541,-64.83038,75.4,SCR,No
St. Thomas/John,2017,6120,18.34608,-64.98832,34.1,PTRF,No
St. Thomas/John,2017,6121,18.3068,-64.84767,38.7,PTRF,No
St. Thomas/John,2017,6122,18.30894,-64.85954,45.6,PTRF,No
St. Thomas/John,2017,6123,18.27214,-64.84153,94.1,PVMT,No
St. Thomas/John,2017,6124,18.27665,-64.84344,64,AGRF,No
St. Thomas/John,2017,6125,18.29123,-64.80314,66.6,PVMT,No
St. Thomas/John,2017,6127,18.27549,-64.70657,94.1,PVMT,No
St. Thomas/John,2017,6128,18.28103,-64.69869,76.1,PVMT,No
St. Thomas/John,2017,6129,18.28161,-64.69806,69.9,PVMT,No
St. Thomas/John,2017,6130,18.28246,-64.69087,78.7,PVMT,No
St. Thomas/John,2017,6131,18.28477,-64.68302,85.6,PVMT,No
St. Thomas/John,2017,6134,18.30369,-64.6923,59.7,AGRF,No
St. Thomas/John,2017,6135,18.30645,-64.68592,55.1,AGRF,No
St. Thomas/John,2017,6136,18.31897,-64.64056,84.6,PVMT,No
St. Thomas/John,2017,6137,18.32393,-64.67608,58.1,AGRF,No
St. Thomas/John,2017,6138,18.35547,-64.83408,57.7,PVMT,No
St. Thomas/John,2017,6139,18.35973,-64.79604,86.9,PVMT,No
St. Thomas/John,2017,6140,18.36834,-64.79821,23,AGRF,No
St. Thomas/John,2017,6141,18.3694,-64.68846,64,PVMT,No
St. Thomas/John,2017,6142,18.36261,-64.77879,44.9,AGRF,No
St. Thomas/John,2017,6143,18.30311,-64.71059,41,AGRF,No
St. Thomas/John,2017,6144,18.31429,-64.73415,43.6,PVMT,No
St. Thomas/John,2017,6146,18.35582,-64.78759,49.5,AGRF,No
St. Thomas/John,2017,6147,18.35997,-64.78625,66.6,PVMT,No
St. Thomas/John,2017,6148,18.36967,-64.76204,34.8,AGRF,No
St. Thomas/John,2017,6149,18.2747,-64.88575,55.1,BDRK,No
St. Thomas/John,2017,6150,18.30158,-65.01209,58.1,AGRF,No
St. Thomas/John,2017,6151,18.30405,-64.82109,44.6,PVMT,No
St. Thomas/John,2017,6152,18.30762,-65.01057,78.1,PVMT,No
St. Thomas/John,2017,6153,18.32225,-64.81996,66.9,PVMT,No
St. Thomas/John,2017,6156,18.36261,-64.87663,56.1,AGRF,No
St. Thomas/John,2017,6159,18.39353,-64.91331,55.8,AGRF,No
St. Thomas/John,2017,6160,18.39751,-64.89677,57.7,AGRF,No
St. Thomas/John,2017,6161,18.30856,-64.85671,42,AGRF,No
St. Thomas/John,2017,6162,18.30995,-64.84431,47.6,PVMT,No
St. Thomas/John,2017,6163,18.32151,-64.83234,64.9,SCR,No
St. Thomas/John,2017,6164,18.28398,-64.81492,87.6,PVMT,No
St. Thomas/John,2017,6165,18.29037,-64.80698,85.9,SCR,No
St. Thomas/John,2017,6167,18.29947,-64.69217,88.6,PTRF,No
St. Thomas/John,2017,6168,18.31066,-64.65932,97.7,PVMT,No
St. Thomas/John,2017,6169,18.31504,-64.69862,35.8,AGRF,No
St. Thomas/John,2017,6170,18.31519,-64.68393,88.6,SCR,No
St. Thomas/John,2017,6171,18.33285,-64.66449,43,AGRF,No
St. Thomas/John,2017,6173,18.33465,-64.69319,57.4,AGRF,No
St. Thomas/John,2017,6175,18.30808,-64.71913,36.7,AGRF,No
St. Thomas/John,2017,6176,18.36346,-64.69557,43.6,SCR,No
St. Thomas/John,2017,6177,18.36386,-64.8947,53.5,PTRF,No
St. Thomas/John,2017,6179,18.36974,-64.99445,71.5,PTRF,No
St. Thomas/John,2017,6181,18.2991,-64.83288,56.1,AGRF,No
St. Thomas/John,2017,6182,18.30662,-64.82552,34.1,AGRF,No
St. Thomas/John,2017,6183,18.31693,-64.69948,17.1,AGRF,No
St. Thomas/John,2017,6184,18.33743,-64.66258,14.8,PTRF,No
St. Thomas/John,2017,6185,18.335,-64.6892,36.1,AGRF,No
St. Thomas/John,2017,6186,18.33591,-64.68895,33.8,AGRF,No
St. Thomas/John,2017,6187,18.34187,-64.68916,15.7,AGRF,No
St. Thomas/John,2017,6188,18.34453,-64.68193,22.6,AGRF,No
St. Thomas/John,2017,6189,18.31608,-64.737,23.9,AGRF,No
St. Thomas/John,2017,6191,18.36418,-64.73107,4.6,AGRF,No
St. Thomas/John,2017,6192,18.2988,-64.81875,25.6,AGRF,No
St. Thomas/John,2017,6193,18.32857,-64.97172,25.6,AGRF,No
St. Thomas/John,2017,6194,18.33628,-64.84513,18,AGRF,No
St. Thomas/John,2017,6195,18.37158,-64.92872,11.8,AGRF,No
St. Thomas/John,2017,6196,18.30335,-64.87498,7.5,AGRF,No
St. Thomas/John,2017,6197,18.30781,-64.846190000000007,40.7,AGRF,No
St. Thomas/John,2017,6198,18.32356,-64.83356,5.6,BDRK,No
St. Thomas/John,2017,6199,18.23106,-64.85307,36.7,HARD,No
St. Thomas/John,2017,6200,18.23283,-64.85319,13.8,HARD,No
St. Thomas/John,2017,6201,18.37305,-64.74329,13.4,BDRK,No
St. Thomas/John,2017,6202,18.37295,-64.74273,14.8,BDRK,No
St. Thomas/John,2017,6203,18.32831,-64.95474,33.5,HARD,No
St. Thomas/John,2017,6206,18.34711,-64.66856,4.9,PTRF,No
St. Thomas/John,2017,6207,18.35081,-64.69487,8.5,PTRF,No
St. Thomas/John,2017,6208,18.35139,-64.69294,6.6,BDRK,No
St. Thomas/John,2017,6209,18.34931,-64.67914,11.5,PTRF,No
St. Thomas/John,2017,6210,18.36251,-64.69399,14.8,PTRF,No
St. Thomas/John,2017,6212,18.34307,-64.98274,35.1,PTRF,No
St. Thomas/John,2017,6213,18.30113,-64.83047,24.9,PTRF,No
St. Thomas/John,2017,6214,18.32106,-64.84169,5.9,PTRF,No
St. Thomas/John,2017,6215,18.35575,-64.83791,32.5,AGRF,No
St. Thomas/John,2017,6216,18.36309,-64.79739,28.2,PVMT,No
St. Thomas/John,2017,6217,18.34159,-64.68487,28.5,PVMT,No
St. Thomas/John,2017,6218,18.34524,-64.68397,27.6,AGRF,No
St. Thomas/John,2017,6219,18.32096,-64.74699,11.5,AGRF,No
St. Thomas/John,2017,6222,18.35617,-64.76306,15.7,AGRF,No
St. Thomas/John,2017,6223,18.35777,-64.76586,17.7,AGRF,No
St. Thomas/John,2017,6225,18.36146,-64.77109,19,AGRF,No
St. Thomas/John,2017,6226,18.36857,-64.75553,11.5,AGRF,No
St. Thomas/John,2017,6227,18.27585,-64.89687,21.6,BDRK,No
St. Thomas/John,2017,6228,18.32472,-64.96563,35.8,PTRF,No
St. Thomas/John,2017,6229,18.32765,-64.97366,35.8,AGRF,No
St. Thomas/John,2017,6231,18.33492,-64.97612,23,SCR,No
St. Thomas/John,2017,6232,18.35669,-64.85403,6.6,AGRF,No
St. Thomas/John,2017,6233,18.36573,-65.00903,30.2,AGRF,No
St. Thomas/John,2017,6234,18.3797,-64.96581,11.2,AGRF,No
St. Thomas/John,2017,6235,18.40427,-64.90728,7.9,PVMT,No
St. Thomas/John,2017,6236,18.30152,-64.87688,27.9,AGRF,No
St. Thomas/John,2017,6237,18.30439,-64.82691,34.1,SCR,No
St. Thomas/John,2017,6238,18.34555,-64.67998,5.9,BDRK,No
St. Thomas/John,2017,6239,18.34807,-64.67771,20.7,SCR,No
St. Thomas/John,2017,6240,18.33822,-64.69098,36.7,AGRF,No
St. Thomas/John,2017,6241,18.35338,-64.69506,18,SCR,No
St. Thomas/John,2017,6242,18.31369,-64.75665,36.1,PTRF,No
St. Thomas/John,2017,6243,18.31436,-64.75747,34.8,PTRF,No
St. Thomas/John,2017,6244,18.34762,-64.78175,11.8,PVMT,No
St. Thomas/John,2017,6246,18.36419,-64.93657,24.9,AGRF,No
St. Thomas/John,2017,6248,18.31701,-64.83503,31.5,PTRF,No
St. Thomas/John,2017,6256,18.29946,-64.70415,29.5,BDRK,No
St. Thomas/John,2017,6258,18.31561,-64.72647,19,BDRK,No
St. Thomas/John,2017,6259,18.31029,-64.96022,6.9,BDRK,No
St. Thomas/John,2017,6264,18.30391,-64.84787,23,BDRK,No
St. Thomas/John,2017,6278,18.3378,-64.79792,30.5,AGRF,No
St. Thomas/John,2017,6279,18.36311,-64.77542,51.2,AGRF,No
St. Thomas/John,2017,6281,18.30526,-64.95754,64,SCR,No
St. Thomas/John,2017,6302,18.36782,-64.7054,66.6,HARD,No
St. Thomas/John,2017,6303,18.36855,-64.71772,53.5,HARD,No
St. Thomas/John,2017,6331,18.36437,-64.77161,55.1,PTRF,No
St. Thomas/John,2017,6352,18.34387,-64.79642,71.8,PTRF,No
St. Thomas/John,2017,6354,18.35666,-64.7948,53.1,PVMT,No
St. Thomas/John,2017,6356,18.31254,-65.00014,68.9,PVMT,No
St. Thomas/John,2017,6360,18.37459,-64.98747,40,AGRF,No
St. Thomas/John,2017,6372,18.3547,-64.66897,64.9,SCR,No
St. Thomas/John,2017,6379,18.30566,-65.00642,45.6,SCR,No
St. Thomas/John,2017,6391,18.36065,-64.75308,27.6,AGRF,No
St. Thomas/John,2017,6392,18.36098,-64.76263,29.5,AGRF,No
St. Thomas/John,2017,6403,18.37338,-64.74074,33.1,HARD,No
St. Thomas/John,2017,6404,18.37392,-64.74235,43.6,HARD,No
St. Thomas/John,2017,6411,18.36017,-64.80592,18.7,PTRF,No
St. Thomas/John,2017,6423,18.31389,-64.859,25.9,PTRF,No
St. Thomas/John,2017,6426,18.36555,-64.79974,12.1,AGRF,No
St. Thomas/John,2017,6430,18.356,-64.76293,14.8,PVMT,No
St. Thomas/John,2017,6431,18.35643,-64.75731,19.7,AGRF,No
St. Thomas/John,2017,6432,18.36538,-64.77442,34.8,AGRF,No
St. Thomas/John,2017,6433,18.36728,-64.72093,5.9,BDRK,No
St. Thomas/John,2017,6435,18.3194,-64.98784,32.8,PVMT,No
St. Thomas/John,2017,6900,18.32837,-64.80996,71.5,HARD,No
St. Thomas/John,2019,5000,18.19621,-64.73571,86.9,HARD,No
St. Thomas/John,2019,5001,18.20091,-64.73222,91.8,HARD,No
St. Thomas/John,2019,5002,18.2051,-64.72388,89.5,HARD,No
St. Thomas/John,2019,5003,18.2147,-64.69027,83.6,HARD,No
St. Thomas/John,2019,5004,18.21992,-64.68135,94.1,HARD,No
St. Thomas/John,2019,5006,18.22354,-64.67449,92.5,HARD,No
St. Thomas/John,2019,5007,18.22446,-64.6716,83,HARD,No
St. Thomas/John,2019,5008,18.23255,-64.85398,29.2,HARD,No
St. Thomas/John,2019,5009,18.23323,-64.85305,19,HARD,No
St. Thomas/John,2019,5010,18.23354,-64.85391,34.1,HARD,No
St. Thomas/John,2019,5015,18.26175,-64.87662,87.6,HARD,No
St. Thomas/John,2019,5016,18.26307,-64.86844,73.1,HARD,No
St. Thomas/John,2019,5017,18.26617,-64.8846,80,HARD,No
St. Thomas/John,2019,5019,18.26937,-64.72871,82.7,AGRF,No
St. Thomas/John,2019,5021,18.27036,-64.72653,92.2,AGRF,No
St. Thomas/John,2019,5023,18.26998,-64.84217,86.6,HARD,No
St. Thomas/John,2019,5024,18.27022,-64.84413,90.9,HARD,No
St. Thomas/John,2019,5025,18.27144,-64.71993,85,AGRF,No
St. Thomas/John,2019,5026,18.26785,-65.14981,90.9,HARD,No
St. Thomas/John,2019,5027,18.27621,-64.85122,93.5,AGRF,No
St. Thomas/John,2019,5030,18.27404,-65.1243,86.9,HARD,No
St. Thomas/John,2019,5031,18.27859,-64.84209,86.9,AGRF,No
St. Thomas/John,2019,5032,18.27664,-65.10264,86.6,HARD,No
St. Thomas/John,2019,5035,18.28118,-64.70088,73.5,AGRF,No
St. Thomas/John,2019,5037,18.28191,-64.69487,75.1,PVMT,No
St. Thomas/John,2019,5039,18.28298,-64.94054,66.9,AGRF,No
St. Thomas/John,2019,5040,18.28342,-64.94528,86.6,AGRF,No
St. Thomas/John,2019,5041,18.28234,-65.12389,79.7,HARD,No
St. Thomas/John,2019,5042,18.28575,-64.82308,87.6,PVMT,No
St. Thomas/John,2019,5043,18.28583,-64.81064,49.2,PVMT,No
St. Thomas/John,2019,5044,18.28346,-65.10177,36.7,HARD,No
St. Thomas/John,2019,5045,18.28386,-65.10101,21.6,HARD,No
St. Thomas/John,2019,5047,18.28506,-64.93923,74.8,AGRF,No
St. Thomas/John,2019,5050,18.28653,-64.81485,62,PVMT,No
St. Thomas/John,2019,5051,18.2878,-64.80458,89.5,PVMT,No
St. Thomas/John,2019,5053,18.29131,-64.8777,78.1,PTRF,No
St. Thomas/John,2019,5054,18.2921,-64.87783,64.6,PTRF,No
St. Thomas/John,2019,5055,18.29019,-65.10385,84.6,HARD,No
St. Thomas/John,2019,5056,18.29493,-64.80584,90.5,SCR,No
St. Thomas/John,2019,5061,18.29305,-65.14674,81.7,HARD,No
St. Thomas/John,2019,5063,18.29926,-64.75117,92.2,PTRF,No
St. Thomas/John,2019,5064,18.29951,-64.69463,97.1,SCR,No
St. Thomas/John,2019,5066,18.29992,-64.69188,85.9,PTRF,No
St. Thomas/John,2019,5067,18.29838,-64.88778,46.9,PVMT,No
St. Thomas/John,2019,5069,18.29937,-64.7512,88.9,PTRF,No
St. Thomas/John,2019,5072,18.29889,-64.92374,80,SCR,No
St. Thomas/John,2019,5073,18.29676,-65.14866,84.6,HARD,No
St. Thomas/John,2019,5074,18.30101,-64.74016,87.9,PTRF,No
St. Thomas/John,2019,5075,18.30146,-64.69008,59,AGRF,No
St. Thomas/John,2019,5076,18.30124,-64.79605,85.6,HARD,No
St. Thomas/John,2019,5078,18.29761,-65.14445,77.1,HARD,No
St. Thomas/John,2019,5080,18.30269,-64.69558,85,PVMT,No
St. Thomas/John,2019,5081,18.3035,-64.73555,65.9,PTRF,No
St. Thomas/John,2019,5083,18.30375,-64.6906,60,AGRF,No
St. Thomas/John,2019,5087,18.35396,-64.80828,50.8,PVMT,No
St. Thomas/John,2019,5088,18.304,-64.83697,38,AGRF,No
St. Thomas/John,2019,5089,18.30541,-64.71229,49.5,SCR,No
St. Thomas/John,2019,5090,18.30417,-64.99591,43,AGRF,No
St. Thomas/John,2019,5093,18.30557,-64.84497,45.6,AGRF,No
St. Thomas/John,2019,5094,18.30591,-64.823,26.9,SCR,No
St. Thomas/John,2019,5096,18.30744,-64.71985,31.2,BDRK,No
St. Thomas/John,2019,5099,18.3069,-64.8466,43,PVMT,No
St. Thomas/John,2019,5100,18.30692,-64.82691,14.8,PVMT,No
St. Thomas/John,2019,5102,18.30777,-64.73936,59.7,AGRF,No
St. Thomas/John,2019,5105,18.30699,-64.86113,25.9,BDRK,No
St. Thomas/John,2019,5108,18.30707,-64.96676,43.6,AGRF,No
St. Thomas/John,2019,5111,18.30915,-64.73795,47.6,AGRF,No
St. Thomas/John,2019,5112,18.30862,-64.85808,44,PVMT,No
St. Thomas/John,2019,5113,18.30873,-64.84516,36.1,PVMT,No
St. Thomas/John,2019,5114,18.30987,-64.71704,24.6,BDRK,No
St. Thomas/John,2019,5116,18.30926,-64.84304,43.6,AGRF,No
St. Thomas/John,2019,5118,18.31013,-64.73577,64.6,AGRF,No
St. Thomas/John,2019,5122,18.30674,-65.12612,85.6,HARD,No
St. Thomas/John,2019,5123,18.30826,-65.01132,74.8,PVMT,No
St. Thomas/John,2019,5125,18.31012,-64.85532,43,PTRF,No
St. Thomas/John,2019,5126,18.31079,-64.73935,58.1,AGRF,No
St. Thomas/John,2019,5129,18.31161,-64.86,32.1,PVMT,No
St. Thomas/John,2019,5131,18.3122,-64.8548,27.9,AGRF,No
St. Thomas/John,2019,5132,18.31243,-64.84296,22,PVMT,No
St. Thomas/John,2019,5133,18.31288,-64.84173,37.1,AGRF,No
St. Thomas/John,2019,5135,18.31285,-64.83154,12.8,SCR,No
St. Thomas/John,2019,5136,18.313110000000002,-64.84735,24.6,AGRF,No
St. Thomas/John,2019,5142,18.31518,-64.83594,26.9,PVMT,No
St. Thomas/John,2019,5143,18.31341,-65.14034,77.7,HARD,No
St. Thomas/John,2019,5144,18.31669,-64.83684,6.6,BDRK,No
St. Thomas/John,2019,5145,18.31693,-64.83406,41.7,SCR,No
St. Thomas/John,2019,5147,18.31725,-64.8533,9.5,AGRF,No
St. Thomas/John,2019,5149,18.31739,-64.83159,34.1,PTRF,No
St. Thomas/John,2019,5152,18.31569,-65.14133,83.6,HARD,No
St. Thomas/John,2019,5155,18.32039,-64.83918,6.9,SCR,No
St. Thomas/John,2019,5156,18.32084,-64.83787,30.8,AGRF,No
St. Thomas/John,2019,5158,18.32031,-64.94493,5.6,BDRK,No
St. Thomas/John,2019,5161,18.32161,-64.84222,4.9,SCR,No
St. Thomas/John,2019,5162,18.32246,-64.83115,50.8,SCR,No
St. Thomas/John,2019,5163,18.32392,-64.64929,52.5,AGRF,No
St. Thomas/John,2019,5164,18.32327,-64.83224,15.1,BDRK,No
St. Thomas/John,2019,5165,18.32474,-64.67939,65.9,AGRF,No
St. Thomas/John,2019,5166,18.3222,-64.9869,88.9,HARD,No
St. Thomas/John,2019,5167,18.32358,-64.83534,7.5,BDRK,No
St. Thomas/John,2019,5169,18.32652,-64.8318,38,AGRF,No
St. Thomas/John,2019,5171,18.3278,-64.68114,80,AGRF,No
St. Thomas/John,2019,5175,18.32953,-64.84408,20.7,PTRF,No
St. Thomas/John,2019,5177,18.32859,-64.9714,26.9,AGRF,No
St. Thomas/John,2019,5178,18.32867,-64.96524,7.5,BDRK,No
St. Thomas/John,2019,5182,18.33353,-64.66028,66.9,AGRF,No
St. Thomas/John,2019,5183,18.33448,-64.67661,9.8,BDRK,No
St. Thomas/John,2019,5188,18.33613,-64.66216,14.8,BDRK,No
St. Thomas/John,2019,5195,18.33817,-64.68954,35.1,PVMT,No
St. Thomas/John,2019,5197,18.3386,-64.69287,32.1,AGRF,No
St. Thomas/John,2019,5198,18.33869,-64.69099,28.9,PVMT,No
St. Thomas/John,2019,5199,18.33851,-64.65443,95.8,PVMT,No
St. Thomas/John,2019,5201,18.34006,-64.68481,43.6,AGRF,No
St. Thomas/John,2019,5202,18.33612,-65.07932,18.7,PVMT,No
St. Thomas/John,2019,5203,18.3414,-64.68978,16.7,AGRF,No
St. Thomas/John,2019,5204,18.33896,-64.97864,12.1,BDRK,No
St. Thomas/John,2019,5205,18.34151,-64.67462,6.9,BDRK,No
St. Thomas/John,2019,5206,18.33835,-65.07545,32.1,AGRF,No
St. Thomas/John,2019,5210,18.34313,-64.67967,32.1,AGRF,No
St. Thomas/John,2019,5213,18.344,-64.68122,46.6,AGRF,No
St. Thomas/John,2019,5214,18.34394,-64.70085,26.6,AGRF,No
St. Thomas/John,2019,5215,18.34386,-64.69389,8.5,BDRK,No
St. Thomas/John,2019,5216,18.34404,-64.68362,16.7,BDRK,No
St. Thomas/John,2019,5218,18.34426,-64.66076,17.7,SCR,No
St. Thomas/John,2019,5221,18.34413,-64.7892,17.1,SCR,No
St. Thomas/John,2019,5224,18.34545,-64.68666,15.1,AGRF,No
St. Thomas/John,2019,5226,18.34232,-65.06933,60.7,HARD,No
St. Thomas/John,2019,5227,18.34514,-64.79599,62.6,AGRF,No
St. Thomas/John,2019,5228,18.34585,-64.69306,12.1,AGRF,No
St. Thomas/John,2019,5230,18.34619,-64.68567,14.1,AGRF,No
St. Thomas/John,2019,5232,18.34685,-64.6521,71.5,PTRF,No
St. Thomas/John,2019,5235,18.36089,-64.81772,26.6,BDRK,No
St. Thomas/John,2019,5236,18.34722,-64.69317,17.7,PTRF,No
St. Thomas/John,2019,5238,18.34678,-64.68306,6.6,BDRK,No
St. Thomas/John,2019,5240,18.34445,-65.05365,81,PVMT,No
St. Thomas/John,2019,5242,18.34517,-64.98805,37.1,AGRF,No
St. Thomas/John,2019,5243,18.34524,-64.9838,14.1,PVMT,No
St. Thomas/John,2019,5244,18.34649,-64.85886,20.7,PTRF,No
St. Thomas/John,2019,5245,18.34787,-64.69319,4.9,BDRK,No
St. Thomas/John,2019,5247,18.34506,-65.05332,71.8,PVMT,No
St. Thomas/John,2019,5248,18.3452,-65.0148,7.9,BDRK,No
St. Thomas/John,2019,5249,18.3487,-64.70312,26.9,PTRF,No
St. Thomas/John,2019,5250,18.34879,-64.67526,21,SCR,No
St. Thomas/John,2019,5251,18.34621,-64.98628,14.8,BDRK,No
St. Thomas/John,2019,5252,18.34888,-64.69945,48.9,PTRF,No
St. Thomas/John,2019,5253,18.34895,-64.69425,28.9,PTRF,No
St. Thomas/John,2019,5254,18.349240000000002,-64.70334,20.7,PTRF,No
St. Thomas/John,2019,5257,18.34947,-64.80126,77.7,HARD,No
St. Thomas/John,2019,5261,18.35056,-64.67926,29.5,AGRF,No
St. Thomas/John,2019,5264,18.35104,-64.69871,12.8,SCR,No
St. Thomas/John,2019,5265,18.35123,-64.69519,20,PTRF,No
St. Thomas/John,2019,5267,18.35169,-64.69667,23,PTRF,No
St. Thomas/John,2019,5272,18.35165,-64.81258,54.8,SCR,No
St. Thomas/John,2019,5273,18.35213,-64.78978,43,PVMT,No
St. Thomas/John,2019,5274,18.35272,-64.69666,9.8,SCR,No
St. Thomas/John,2019,5275,18.35292,-64.6507,82.7,PTRF,No
St. Thomas/John,2019,5278,18.35236,-64.76995,15.1,PTRF,No
St. Thomas/John,2019,5281,18.35312,-64.69332,5.6,BDRK,No
St. Thomas/John,2019,5282,18.35225,-64.83119,54.1,PTRF,No
St. Thomas/John,2019,5284,18.35327,-64.80804,53.1,PVMT,No
St. Thomas/John,2019,5286,18.35304,-64.87707,49.5,AGRF,No
St. Thomas/John,2019,5287,18.35378,-64.80805,52.1,PVMT,No
St. Thomas/John,2019,5288,18.35407,-64.77852,23.9,PVMT,No
St. Thomas/John,2019,5289,18.34166,-64.79162,59,AGRF,No
St. Thomas/John,2019,5291,18.35435,-64.83512,62,PTRF,No
St. Thomas/John,2019,5292,18.35458,-64.8189,69.9,PTRF,No
St. Thomas/John,2019,5293,18.35596,-64.67781,57.1,AGRF,No
St. Thomas/John,2019,5295,18.35542,-64.75578,6.6,PVMT,No
St. Thomas/John,2019,5296,18.35489,-64.87332,69.9,HARD,No
St. Thomas/John,2019,5297,18.35609,-64.79483,43.6,PVMT,No
St. Thomas/John,2019,5299,18.35607,-64.75687,6.9,BDRK,No
St. Thomas/John,2019,5300,18.35626,-64.74826,3.9,SCR,No
St. Thomas/John,2019,5301,18.3566,-64.84384,86.9,HARD,No
St. Thomas/John,2019,5302,18.35684,-64.7856,75.1,PVMT,No
St. Thomas/John,2019,5303,18.3578,-64.68685,11.8,AGRF,No
St. Thomas/John,2019,5304,18.35758,-64.84124,60.7,BDRK,No
St. Thomas/John,2019,5305,18.35745,-64.77106,40.7,AGRF,No
St. Thomas/John,2019,5306,18.35693,-64.79994,76.1,HARD,No
St. Thomas/John,2019,5307,18.35765,-64.79048,60,PVMT,No
St. Thomas/John,2019,5310,18.3573,-64.84726,28.5,BDRK,No
St. Thomas/John,2019,5311,18.3582,-64.7962,61,PVMT,No
St. Thomas/John,2019,5313,18.35846,-64.78782,62,PTRF,No
St. Thomas/John,2019,5314,18.3588,-64.80797,19,PTRF,No
St. Thomas/John,2019,5316,18.35921,-64.81164,18,AGRF,No
St. Thomas/John,2019,5317,18.35968,-64.75918,30.2,AGRF,No
St. Thomas/John,2019,5319,18.36018,-64.7612,27.9,AGRF,No
St. Thomas/John,2019,5320,18.35979,-64.83487,28.5,BDRK,No
St. Thomas/John,2019,5321,18.35826,-65.03353,18,BDRK,No
St. Thomas/John,2019,5322,18.36073,-64.80513,8.5,SCR,No
St. Thomas/John,2019,5323,18.36066,-64.78476,74.1,PTRF,No
St. Thomas/John,2019,5324,18.3617,-64.68441,65.9,HARD,No
St. Thomas/John,2019,5325,18.36093,-64.81731,24.9,BDRK,No
St. Thomas/John,2019,5326,18.36136,-64.76777,55.1,AGRF,No
St. Thomas/John,2019,5327,18.36243,-64.70586,7.5,AGRF,No
St. Thomas/John,2019,5328,18.36171,-64.77119,20.7,AGRF,No
St. Thomas/John,2019,5332,18.36297,-64.69468,23.9,SCR,No
St. Thomas/John,2019,5334,18.36328,-64.65954,54.5,AGRF,No
St. Thomas/John,2019,5335,18.3628,-64.77025,44,PTRF,No
St. Thomas/John,2019,5337,18.36353,-64.69392,58.1,HARD,No
St. Thomas/John,2019,5338,18.36276,-64.80892,11.5,PVMT,No
St. Thomas/John,2019,5339,18.36301,-64.78274,63,AGRF,No
St. Thomas/John,2019,5341,18.3634,-64.74548,38,SCR,No
St. Thomas/John,2019,5342,18.36205,-64.93327,15.1,PVMT,No
St. Thomas/John,2019,5343,18.36465,-64.68853,66.9,HARD,No
St. Thomas/John,2019,5345,18.36248,-64.93579,4.9,BDRK,No
St. Thomas/John,2019,5347,18.36471,-64.69464,63.6,HARD,No
St. Thomas/John,2019,5349,18.3649,-64.72755,8.9,SCR,No
St. Thomas/John,2019,5350,18.36496,-64.72667,29.5,AGRF,No
St. Thomas/John,2019,5351,18.36378,-64.88008,82.7,HARD,No
St. Thomas/John,2019,5352,18.36457,-64.8093,35.1,AGRF,No
St. Thomas/John,2019,5353,18.36292,-65.02037,42,AGRF,No
St. Thomas/John,2019,5354,18.36336,-65.02853,72.5,AGRF,No
St. Thomas/John,2019,5355,18.36332,-65.02435,51.5,AGRF,No
St. Thomas/John,2019,5358,18.36366,-65.03087,78.7,AGRF,No
St. Thomas/John,2019,5359,18.36604,-64.8037,20,SCR,No
St. Thomas/John,2019,5360,18.36637,-64.77414,82,PTRF,No
St. Thomas/John,2019,5362,18.36637,-64.76074,41.7,AGRF,No
St. Thomas/John,2019,5363,18.36717,-64.68621,56.1,PVMT,No
St. Thomas/John,2019,5364,18.36677,-64.77773,83.6,PTRF,No
St. Thomas/John,2019,5365,18.36704,-64.73352,6.9,AGRF,No
St. Thomas/John,2019,5366,18.36718,-64.72384,23.9,AGRF,No
St. Thomas/John,2019,5367,18.36755,-64.69539,63,HARD,No
St. Thomas/John,2019,5368,18.3651,-64.99908,13.1,BDRK,No
St. Thomas/John,2019,5370,18.36522,-65.00958,28.5,AGRF,No
St. Thomas/John,2019,5371,18.36821,-64.71956,46.6,SCR,No
St. Thomas/John,2019,5372,18.36812,-64.70771,67.9,HARD,No
St. Thomas/John,2019,5373,18.36827,-64.69142,88.6,HARD,No
St. Thomas/John,2019,5375,18.36793,-64.77278,84,PTRF,No
St. Thomas/John,2019,5376,18.3686,-64.70538,67.6,HARD,No
St. Thomas/John,2019,5377,18.36735,-64.90222,56.1,PVMT,No
St. Thomas/John,2019,5379,18.36919,-64.69141,85,HARD,No
St. Thomas/John,2019,5384,18.36764,-65.01245,53.1,AGRF,No
St. Thomas/John,2019,5385,18.3701,-64.75266,7.9,BDRK,No
St. Thomas/John,2019,5386,18.37046,-64.71635,68.9,HARD,No
St. Thomas/John,2019,5387,18.37045,-64.6871,58.7,PVMT,No
St. Thomas/John,2019,5388,18.37119,-64.699700000000007,76.1,HARD,No
St. Thomas/John,2019,5389,18.37096,-64.6842,49.5,AGRF,No
St. Thomas/John,2019,5390,18.36905,-64.93997,27.9,HARD,No
St. Thomas/John,2019,5391,18.36972,-64.87875,88.9,PVMT,No
St. Thomas/John,2019,5392,18.37152,-64.69463,50.5,HARD,No
St. Thomas/John,2019,5393,18.36963,-64.93726,25.6,AGRF,No
St. Thomas/John,2019,5394,18.37196,-64.7316,68.6,HARD,No
St. Thomas/John,2019,5396,18.37218,-64.68498,84.6,HARD,No
St. Thomas/John,2019,5397,18.36898,-65.04202,88.6,AGRF,No
St. Thomas/John,2019,5398,18.37206,-64.72274,75.1,HARD,No
St. Thomas/John,2019,5402,18.37047,-64.94306,25.9,BDRK,No
St. Thomas/John,2019,5403,18.37235,-64.75175,27.9,BDRK,No
St. Thomas/John,2019,5404,18.37258,-64.7353,60,HARD,No
St. Thomas/John,2019,5406,18.37276,-64.7518,56.7,SCR,No
St. Thomas/John,2019,5407,18.37092,-64.99301,48.5,AGRF,No
St. Thomas/John,2019,5408,18.37083,-64.99265,39,AGRF,No
St. Thomas/John,2019,5409,18.37321,-64.74704,21.6,HARD,No
St. Thomas/John,2019,5412,18.37331,-64.74142,35.8,HARD,No
St. Thomas/John,2019,5413,18.37204,-64.92262,24.9,HARD,No
St. Thomas/John,2019,5414,18.37184,-64.99259,62.6,AGRF,No
St. Thomas/John,2019,5415,18.37254,-64.93107,21,HARD,No
St. Thomas/John,2019,5416,18.3744,-64.74444,57.7,HARD,No
St. Thomas/John,2019,5420,18.37321,-64.99168,56.7,AGRF,No
St. Thomas/John,2019,5421,18.37576,-64.74283,83,HARD,No
St. Thomas/John,2019,5423,18.37615,-64.74023,82,HARD,No
St. Thomas/John,2019,5426,18.37464,-64.93342,9.5,PVMT,No
St. Thomas/John,2019,5427,18.37699,-64.73164,80.7,HARD,No
St. Thomas/John,2019,5429,18.3769,-64.93736,20.7,AGRF,No
St. Thomas/John,2019,5430,18.37684,-64.98517,59,AGRF,No
St. Thomas/John,2019,5431,18.37824,-64.93116,56.1,HARD,No
St. Thomas/John,2019,5432,18.37882,-64.97709,37.7,AGRF,No
St. Thomas/John,2019,5433,18.37956,-64.93827,11.5,AGRF,No
St. Thomas/John,2019,5434,18.37973,-64.96517,30.8,PVMT,No
St. Thomas/John,2019,5435,18.38238,-64.97422,12.1,PVMT,No
St. Thomas/John,2019,5436,18.38264,-64.99,80,HARD,No
St. Thomas/John,2019,5437,18.38283,-65.05736,88.9,HARD,No
St. Thomas/John,2019,5438,18.3845,-64.98844,63,HARD,No
St. Thomas/John,2019,5439,18.38632,-64.97631,37.1,BDRK,No
St. Thomas/John,2019,5441,18.39098,-64.97076,20,PVMT,No
St. Thomas/John,2019,5443,18.39479,-64.96777,69.9,HARD,No
St. Thomas/John,2019,5444,18.40088,-64.97542,25.9,BDRK,No
St. Thomas/John,2019,5445,18.40246,-64.89965,32.8,PVMT,No
St. Thomas/John,2019,5450,18.40479,-65.05035,23,BDRK,No
St. Thomas/John,2019,5451,18.40649,-64.91302,56.4,AGRF,No
St. Thomas/John,2019,5452,18.40772,-65.04788,88.6,HARD,No
St. Thomas/John,2019,5453,18.4152,-64.90993,26.6,HARD,No
St. Thomas/John,2019,9001,18.25424,-64.76896,88.6,AGRF,No
St. Thomas/John,2019,9002,18.26874,-64.72695,91.5,AGRF,No
St. Thomas/John,2019,9003,18.27028,-64.72111,85.9,AGRF,No
St. Thomas/John,2019,9004,18.27117,-64.71876,84.6,AGRF,No
St. Thomas/John,2019,9005,18.27685,-64.96787,84,AGRF,No
St. Thomas/John,2019,9006,18.27984,-64.77939,88.9,AGRF,No
St. Thomas/John,2019,9007,18.28082,-64.94783,67.9,AGRF,No
St. Thomas/John,2019,9008,18.28233,-64.95762,93.2,AGRF,No
St. Thomas/John,2019,9009,18.28285,-64.94638,84,AGRF,No
St. Thomas/John,2019,9010,18.29706,-64.83201,55.8,AGRF,No
St. Thomas/John,2019,9011,18.27322,-64.87982,77.7,PTRF,No
St. Thomas/John,2019,9012,18.27695,-64.86391,83,PTRF,No
St. Thomas/John,2019,9013,18.28146,-64.85756,72.5,PTRF,No
St. Thomas/John,2019,9014,18.28185,-64.91425,61.7,PTRF,No
St. Thomas/John,2019,9015,18.28266,-64.92677,86.6,PTRF,No
St. Thomas/John,2019,9016,18.28412,-64.82346,89.5,PTRF,No
St. Thomas/John,2019,9017,18.28447,-64.89285,73.5,SCR,No
St. Thomas/John,2019,9018,18.28946,-64.88262,73.8,PTRF,No
St. Thomas/John,2019,9019,18.2924,-64.88178,64,PTRF,No
St. Thomas/John,2019,9020,18.29307,-64.87802,65.6,PTRF,No
St. Thomas/John,2019,9021,18.27835,-64.88934,36.4,AGRF,No
St. Thomas/John,2019,9022,18.2945,-64.8153,31.2,AGRF,No
St. Thomas/John,2019,9023,18.29514,-64.81211,32.1,AGRF,No
St. Thomas/John,2019,9024,18.29684,-64.81585,11.2,AGRF,No
St. Thomas/John,2019,9025,18.29925,-64.82129,14.1,AGRF,No
St. Thomas/John,2019,9026,18.30033,-64.82046,24.6,AGRF,No
St. Thomas/John,2019,9028,18.30386,-64.84805,20.7,BDRK,No
St. Thomas/John,2019,9029,18.30695,-64.82721,9.8,AGRF,No
St. Thomas/John,2019,9030,18.30691,-64.8236,14.8,AGRF,No
St. Thomas/John,2019,9031,18.29683,-64.81531,18,AGRF,No
St. Thomas/John,2019,9032,18.29723,-64.81667,13.1,AGRF,No
St. Thomas/John,2019,9033,18.29766,-64.83002,31.5,AGRF,No
St. Thomas/John,2019,9034,18.29716,-64.82562,39.7,AGRF,No
St. Thomas/John,2019,9035,18.3005,-64.83089,25.6,PTRF,No
St. Thomas/John,2019,9037,18.30104,-64.83348,37.1,AGRF,No
St. Thomas/John,2019,9038,18.30506,-64.84585,24.9,AGRF,No
St. Thomas/John,2019,9040,18.31439,-64.82277,41,PTRF,No
St. Thomas/John,2019,9050,18.29662,-64.82084,44,PVMT,No
St. Thomas/John,2019,9060,18.30131,-64.83423,40,AGRF,No
St. Thomas/John,2019,9072,18.29706,-64.81573,21,AGRF,No
St. Thomas/John,2019,9075,18.30072,-64.83079,27.6,PTRF,No
St. Thomas/John,2019,9076,18.30081,-64.83062,25.9,PTRF,No
St. Thomas/John,2021,5003,18.19912,-64.7334,90.5,HARD,No
St. Thomas/John,2021,5005,18.21874,-64.68286,90.5,HARD,No
St. Thomas/John,2021,5009,18.23334,-64.85247,29,HARD,No
St. Thomas/John,2021,5010,18.23371,-64.85015,79,HARD,No
St. Thomas/John,2021,5011,18.23396,-64.8529,39,HARD,No
St. Thomas/John,2021,5015,18.24673,-65.09997,89.5,HARD,No
St. Thomas/John,2021,5016,18.24653,-65.09896,89,HARD,No
St. Thomas/John,2021,5017,18.24707,-65.08342,98,HARD,No
St. Thomas/John,2021,5018,18.24923,-65.10087,93,HARD,No
St. Thomas/John,2021,5019,18.24998,-65.10899,92,HARD,No
St. Thomas/John,2021,5021,18.25597,-64.76591,96,AGRF,No
St. Thomas/John,2021,5025,18.26077,-65.11682,87,HARD,No
St. Thomas/John,2021,5028,18.26805,-64.84979,81.5,HARD,No
St. Thomas/John,2021,5029,18.26852,-64.84754,86,HARD,No
St. Thomas/John,2021,5030,18.26943,-64.7251,87,AGRF,No
St. Thomas/John,2021,5035,18.27073,-64.84306,91.5,AGRF,No
St. Thomas/John,2021,5037,18.27141,-65.14576,90.5,HARD,No
St. Thomas/John,2021,5044,18.27729,-64.96736,92,PVMT,No
St. Thomas/John,2021,5046,18.27618,-65.12525,85.5,HARD,No
St. Thomas/John,2021,5048,18.27641,-65.14804,84.5,HARD,No
St. Thomas/John,2021,5051,18.28188,-64.70099,78,PVMT,No
St. Thomas/John,2021,5053,18.28197,-64.84281,90.5,PVMT,No
St. Thomas/John,2021,5056,18.28245,-64.84097,85,AGRF,No
St. Thomas/John,2021,5057,18.28324,-64.81774,70.5,HARD,No
St. Thomas/John,2021,5060,18.28192,-65.10315,92,HARD,No
St. Thomas/John,2021,5069,18.28735,-65.12536,78.5,HARD,No
St. Thomas/John,2021,5072,18.29127,-64.80026,68,HARD,No
St. Thomas/John,2021,5074,18.29334,-64.79563,81,HARD,No
St. Thomas/John,2021,5077,18.29186,-65.14711,82.5,HARD,No
St. Thomas/John,2021,5079,18.29271,-65.11184,75.5,HARD,No
St. Thomas/John,2021,5086,18.2966,-64.88498,54,PTRF,No
St. Thomas/John,2021,5088,18.29751,-64.82381,30.5,BDRK,No
St. Thomas/John,2021,5089,18.29867,-64.6916,84,PVMT,No
St. Thomas/John,2021,5090,18.29491,-65.10572,83,HARD,No
St. Thomas/John,2021,5095,18.2989,-64.83264,54,AGRF,No
St. Thomas/John,2021,5100,18.29985,-64.81811,29.5,PVMT,No
St. Thomas/John,2021,5102,18.30093,-64.69695,95,SCR,No
St. Thomas/John,2021,5103,18.30062,-64.81971,24.5,AGRF,No
St. Thomas/John,2021,5104,18.30046,-64.79348,68,HARD,No
St. Thomas/John,2021,5107,18.30084,-64.74703,81,PTRF,No
St. Thomas/John,2021,5113,18.30119,-64.8192,36,SCR,No
St. Thomas/John,2021,5116,18.30089,-64.99556,79.5,PTRF,No
St. Thomas/John,2021,5118,18.30235,-64.87973,18,PVMT,No
St. Thomas/John,2021,5121,18.30357,-64.71097,44.5,AGRF,No
St. Thomas/John,2021,5123,18.30352,-64.78548,71,AGRF,No
St. Thomas/John,2021,5124,18.30228,-64.87591,22,AGRF,No
St. Thomas/John,2021,5128,18.30145,-65.12764,82,HARD,No
St. Thomas/John,2021,5130,18.30555,-64.71277,52,SCR,No
St. Thomas/John,2021,5137,18.30673,-64.73935,73.5,AGRF,No
St. Thomas/John,2021,5140,18.30724,-64.71382,39,SCR,No
St. Thomas/John,2021,5147,18.30522,-65.03571,85,HARD,No
St. Thomas/John,2021,5148,18.30534,-65.03511,79.5,HARD,No
St. Thomas/John,2021,5149,18.30869,-64.70767,6.5,BDRK,No
St. Thomas/John,2021,5152,18.30638,-64.97615,76,HARD,No
St. Thomas/John,2021,5154,18.30902,-64.71287,11.5,BDRK,No
St. Thomas/John,2021,5157,18.30934,-64.73617,62,AGRF,No
St. Thomas/John,2021,5162,18.30846,-64.85632,44.5,AGRF,No
St. Thomas/John,2021,5163,18.30622,-65.14848,75.5,HARD,No
St. Thomas/John,2021,5164,18.30905,-64.85714,46.5,AGRF,No
St. Thomas/John,2021,5166,18.31026,-64.72176,26,PTRF,No
St. Thomas/John,2021,5167,18.30666,-65.12876,85,HARD,No
St. Thomas/John,2021,5168,18.30948,-64.86041,41,PTRF,No
St. Thomas/John,2021,5172,18.3116,-64.80675,92,HARD,No
St. Thomas/John,2021,5177,18.31222,-64.8543,29.5,AGRF,No
St. Thomas/John,2021,5180,18.31327,-64.84202,31.5,AGRF,No
St. Thomas/John,2021,5181,18.31398,-64.76448,21,AGRF,No
St. Thomas/John,2021,5184,18.31119,-65.14374,75,HARD,No
St. Thomas/John,2021,5185,18.31432,-64.82535,11,BDRK,No
St. Thomas/John,2021,5188,18.31305,-65.14207,78.5,HARD,No
St. Thomas/John,2021,5189,18.31289,-65.13431,84.5,HARD,No
St. Thomas/John,2021,5190,18.31604,-64.83124,22,PTRF,No
St. Thomas/John,2021,5194,18.31642,-64.94325,40,AGRF,No
St. Thomas/John,2021,5197,18.31796,-64.99211,71.5,SCR,No
St. Thomas/John,2021,5211,18.32895,-64.64971,14.5,BDRK,No
St. Thomas/John,2021,5212,18.32683,-64.97369,32.5,BDRK,No
St. Thomas/John,2021,5215,18.33043,-64.80956,31,AGRF,No
St. Thomas/John,2021,5218,18.33136,-64.80915,18.5,BDRK,No
St. Thomas/John,2021,5230,18.33294,-64.0796,93,HARD,No
St. Thomas/John,2021,5235,18.337,-64.69427,68.5,SCR,No
St. Thomas/John,2021,5237,18.33774,-64.69195,41.5,AGRF,No
St. Thomas/John,2021,5240,18.33803,-64.689,31.5,PVMT,No
St. Thomas/John,2021,5241,18.33812,-64.68769,35,AGRF,No
St. Thomas/John,2021,5242,18.33679,-64.8445,12,BDRK,No
St. Thomas/John,2021,5250,18.3399,-64.70602,17.5,SCR,No
St. Thomas/John,2021,5263,18.33953,-65.02034,78.5,HARD,No
St. Thomas/John,2021,5266,18.34212,-64.82929,72.5,HARD,No
St. Thomas/John,2021,5268,18.34354,-64.66013,20.5,PVMT,No
St. Thomas/John,2021,5272,18.34397,-64.68391,9,BDRK,No
St. Thomas/John,2021,5274,18.34522,-64.66221,15.5,BDRK,No
St. Thomas/John,2021,5275,18.34305,-64.98288,43,AGRF,No
St. Thomas/John,2021,5277,18.3433,-65.01361,15,BDRK,No
St. Thomas/John,2021,5285,18.3456,-64.86221,8.5,PVMT,No
St. Thomas/John,2021,5289,18.34554,-64.9876,33,PTRF,No
St. Thomas/John,2021,5291,18.34583,-65.05309,82.5,PVMT,No
St. Thomas/John,2021,5299,18.35034,-64.69625,26,PTRF,No
St. Thomas/John,2021,5300,18.35026,-64.69076,8.5,BDRK,No
St. Thomas/John,2021,5304,18.35104,-64.67034,32.5,AGRF,No
St. Thomas/John,2021,5308,18.35246,-64.66446,84.5,SCR,No
St. Thomas/John,2021,5310,18.35169,-64.77905,15.5,BDRK,No
St. Thomas/John,2021,5316,18.35385,-64.65512,71,AGRF,No
St. Thomas/John,2021,5317,18.35337,-64.8068,87,HARD,No
St. Thomas/John,2021,5320,18.35311,-64.83122,54.5,PTRF,No
St. Thomas/John,2021,5323,18.35394,-64.84811,52,HARD,No
St. Thomas/John,2021,5331,18.35652,-64.79693,20,BDRK,No
St. Thomas/John,2021,5332,18.35654,-64.79149,43,PVMT,No
St. Thomas/John,2021,5333,18.35709,-64.76677,8,BDRK,No
St. Thomas/John,2021,5336,18.35641,-64.83812,15,BDRK,No
St. Thomas/John,2021,5339,18.35728,-64.76971,47.5,PTRF,No
St. Thomas/John,2021,5343,18.3572,-64.81029,47,AGRF,No
St. Thomas/John,2021,5346,18.35827,-64.77403,38.5,AGRF,No
St. Thomas/John,2021,5349,18.35871,-64.83905,71,AGRF,No
St. Thomas/John,2021,5356,18.36067,-64.77364,6.5,PVMT,No
St. Thomas/John,2021,5358,18.36186,-64.7641,70.5,AGRF,No
St. Thomas/John,2021,5359,18.36226,-64.78327,62.5,AGRF,No
St. Thomas/John,2021,5361,18.36043,-65.0289,26,BDRK,No
St. Thomas/John,2021,5362,18.36168,-64.92722,15.5,SCR,No
St. Thomas/John,2021,5363,18.36361,-64.72526,5.5,SCR,No
St. Thomas/John,2021,5366,18.3627,-64.89124,28,BDRK,No
St. Thomas/John,2021,5372,18.36319,-64.88388,71.5,HARD,No
St. Thomas/John,2021,5373,18.36537,-64.66184,72.5,AGRF,No
St. Thomas/John,2021,5374,18.36417,-64.80757,21,PVMT,No
St. Thomas/John,2021,5377,18.36443,-64.77156,55,AGRF,No
St. Thomas/John,2021,5380,18.36558,-64.75936,40,AGRF,No
St. Thomas/John,2021,5381,18.36601,-64.70827,25,PVMT,No
St. Thomas/John,2021,5383,18.36659,-64.7342,2.5,SCR,No
St. Thomas/John,2021,5393,18.36676,-64.99583,29,AGRF,No
St. Thomas/John,2021,5397,18.36705,-65.01901,56,AGRF,No
St. Thomas/John,2021,5398,18.36716,-65.00763,32.5,AGRF,No
St. Thomas/John,2021,5399,18.36972,-64.75312,23,AGRF,No
St. Thomas/John,2021,5400,18.36694,-65.04427,77,AGRF,No
St. Thomas/John,2021,5402,18.37127,-64.68397,66,AGRF,No
St. Thomas/John,2021,5403,18.36829,-65.02049,59,AGRF,No
St. Thomas/John,2021,5405,18.37125,-64.72918,58,HARD,No
St. Thomas/John,2021,5408,18.36847,-65.04578,90,PVMT,No
St. Thomas/John,2021,5414,18.36985,-65.00261,61.5,HARD,No
St. Thomas/John,2021,5416,18.37082,-64.95241,9,SCR,No
St. Thomas/John,2021,5419,18.37323,-64.74705,19.5,HARD,No
St. Thomas/John,2021,5420,18.373,-64.74276,17,BDRK,No
St. Thomas/John,2021,5423,18.37378,-64.73814,63.5,HARD,No
St. Thomas/John,2021,5427,18.37328,-64.98411,9,BDRK,No
St. Thomas/John,2021,5428,18.3746,-64.73513,72.5,HARD,No
St. Thomas/John,2021,5431,18.37275,-64.98874,26,AGRF,No
St. Thomas/John,2021,5432,18.37306,-64.95727,17.5,PVMT,No
St. Thomas/John,2021,5435,18.3769,-64.74382,72,HARD,No
St. Thomas/John,2021,5437,18.37643,-64.98688,53.5,HARD,No
St. Thomas/John,2021,5438,18.37654,-65.05313,91.5,HARD,No
St. Thomas/John,2021,5443,18.38425,-64.9015,19.5,BDRK,No
St. Thomas/John,2021,5444,18.38468,-64.96439,22.5,PVMT,No
St. Thomas/John,2021,5449,18.38698,-64.96364,65,PVMT,No
St. Thomas/John,2021,5450,18.38784,-64.91359,87.5,HARD,No
St. Thomas/John,2021,5451,18.38804,-64.90324,7.5,PVMT,No
St. Thomas/John,2021,5457,18.38973,-64.96825,41.5,PVMT,No
St. Thomas/John,2021,5459,18.39087,-64.8982,23,PVMT,No
St. Thomas/John,2021,5461,18.39104,-64.93719,66.5,HARD,No
St. Thomas/John,2021,5464,18.39821,-64.9748,36,BDRK,No
St. Thomas/John,2021,5465,18.39838,-64.91431,25.5,AGRF,No
St. Thomas/John,2021,5466,18.39961,-64.97691,66.5,PVMT,No
St. Thomas/John,2021,5467,18.401,-64.91586,29,PVMT,No
St. Thomas/John,2021,5468,18.40222,-64.90153,8.5,PVMT,No
St. Thomas/John,2021,5469,18.40083,-65.05704,74.5,PVMT,No
St. Thomas/John,2021,5470,18.40139,-65.05473,84.5,HARD,No
St. Thomas/John,2021,5471,18.40313,-64.93157,69.5,HARD,No
St. Thomas/John,2021,5473,18.40335,-64.9509,86.5,HARD,No
St. Thomas/John,2021,5474,18.40468,-65.04916,45,BDRK,No
St. Thomas/John,2021,5475,18.37483,-64.95817,36.5,HARD,No
St. Thomas/John,2023,5001,18.19899,-64.73297,94,AGRF,No
St. Thomas/John,2023,5002,18.20077,-64.73191,96.5,AGRF,No
St. Thomas/John,2023,5007,18.23297,-64.85364,21.5,BDRK,No
St. Thomas/John,2023,5010,18.23416,-64.85068,76.5,AGRF,No
St. Thomas/John,2023,5011,18.23746,-64.85271,80,AGRF,No
St. Thomas/John,2023,5014,18.24734,-65.09384,92,AGRF,No
St. Thomas/John,2023,5015,18.2494,-65.10188,90.5,AGRF,No
St. Thomas/John,2023,5017,18.25582,-65.1071,84,AGRF,No
St. Thomas/John,2023,5018,18.25903,-64.96278,88.5,AGRF,No
St. Thomas/John,2023,5019,18.25949,-64.97348,84,AGRF,No
St. Thomas/John,2023,5020,18.26218,-64.93698,88.5,AGRF,No
St. Thomas/John,2023,5021,18.26263,-64.87783,74.5,AGRF,No
St. Thomas/John,2023,5022,18.26044,-65.11703,91,AGRF,No
St. Thomas/John,2023,5024,18.26541,-64.88911,92.5,AGRF,No
St. Thomas/John,2023,5026,18.26872,-64.73363,85.5,AGRF,No
St. Thomas/John,2023,5027,18.26918,-64.73336,84.5,AGRF,No
St. Thomas/John,2023,5028,18.27043,-64.72104,82,AGRF,No
St. Thomas/John,2023,5029,18.27061,-64.72018,82,AGRF,No
St. Thomas/John,2023,5032,18.27103,-64.72295,86.5,AGRF,No
St. Thomas/John,2023,5033,18.27095,-64.72248,84,AGRF,No
St. Thomas/John,2023,5036,18.27145,-64.71453,96.5,PVMT,No
St. Thomas/John,2023,5038,18.27133,-64.84394,98,AGRF,No
St. Thomas/John,2023,5039,18.27369,-65.1381,90,AGRF,No
St. Thomas/John,2023,5040,18.27734,-64.83414,61,AGRF,No
St. Thomas/John,2023,5042,18.27775,-64.84101,87,AGRF,No
St. Thomas/John,2023,5043,18.27525,-65.10154,86,AGRF,No
St. Thomas/John,2023,5046,18.27745,-64.9605,86,AGRF,No
St. Thomas/John,2023,5047,18.27635,-65.14803,85.5,AGRF,No
St. Thomas/John,2023,5048,18.2768,-65.11383,86,AGRF,No
St. Thomas/John,2023,5050,18.28149,-64.69463,73,PVMT,No
St. Thomas/John,2023,5051,18.2818,-64.70074,88,AGRF,No
St. Thomas/John,2023,5052,18.28015,-64.94998,71.5,AGRF,No
St. Thomas/John,2023,5053,18.28143,-64.82248,73.5,PVMT,No
St. Thomas/John,2023,5054,18.28226,-64.82146,72.5,PVMT,No
St. Thomas/John,2023,5056,18.2796,-65.1268,84,AGRF,No
St. Thomas/John,2023,5058,18.28183,-65.12882,86,AGRF,No
St. Thomas/John,2023,5060,18.28645,-64.81481,63.5,PVMT,No
St. Thomas/John,2023,5061,18.28696,-64.81285,70,PVMT,No
St. Thomas/John,2023,5062,18.28719,-64.80778,91,PVMT,No
St. Thomas/John,2023,5065,18.29124,-64.87818,79,AGRF,No
St. Thomas/John,2023,5068,18.29453,-64.81306,24,BDRK,No
St. Thomas/John,2023,5072,18.29271,-65.11356,75.5,AGRF,No
St. Thomas/John,2023,5078,18.29692,-64.83124,43.5,AGRF,No
St. Thomas/John,2023,5080,18.29759,-64.82347,21.5,BDRK,No
St. Thomas/John,2023,5081,18.2978,-64.8107,72,PVMT,No
St. Thomas/John,2023,5083,18.29855,-64.69169,86,PVMT,No
St. Thomas/John,2023,5085,18.29836,-64.83149,42,AGRF,No
St. Thomas/John,2023,5091,18.29911,-64.88836,51.5,AGRF,No
St. Thomas/John,2023,5093,18.3,-64.81731,39,PVMT,No
St. Thomas/John,2023,5094,18.30093,-64.70396,17.5,BDRK,No
St. Thomas/John,2023,5096,18.30057,-64.82206,22.5,AGRF,No
St. Thomas/John,2023,5097,18.30073,-64.75062,84.5,PTRF,No
St. Thomas/John,2023,5100,18.30075,-64.82298,13.5,AGRF,No
St. Thomas/John,2023,5101,18.29942,-65.00308,89.5,PVMT,No
St. Thomas/John,2023,5102,18.29961,-64.93302,74,PTRF,No
St. Thomas/John,2023,5104,18.30144,-64.82932,10.5,BDRK,No
St. Thomas/John,2023,5105,18.3023,-64.69916,57.5,BDRK,No
St. Thomas/John,2023,5107,18.30163,-64.83014,23,SCR,No
St. Thomas/John,2023,5109,18.30488,-64.82625,13,BDRK,No
St. Thomas/John,2023,5110,18.30334,-64.74731,79,PTRF,No
St. Thomas/John,2023,5111,18.30357,-64.71146,52.5,AGRF,No
St. Thomas/John,2023,5112,18.30266,-64.87031,35.5,PVMT,No
St. Thomas/John,2023,5114,18.30448,-64.71298,65.5,AGRF,No
St. Thomas/John,2023,5115,18.30465,-64.71147,48,AGRF,No
St. Thomas/John,2023,5116,18.30367,-64.84828,40,AGRF,No
St. Thomas/John,2023,5117,18.30432,-64.78206,67.5,AGRF,No
St. Thomas/John,2023,5121,18.30566,-64.71289,53,SCR,No
St. Thomas/John,2023,5122,18.30448,-64.86385,39,AGRF,No
St. Thomas/John,2023,5123,18.30463,-64.84434,46,AGRF,No
St. Thomas/John,2023,5127,18.30569,-64.82473,45,SCR,No
St. Thomas/John,2023,5129,18.30663,-64.73968,76,AGRF,No
St. Thomas/John,2023,5130,18.30697,-64.71076,18,BDRK,No
St. Thomas/John,2023,5131,18.30623,-64.86342,6,BDRK,No
St. Thomas/John,2023,5132,18.30634,-64.83534,26.5,PTRF,No
St. Thomas/John,2023,5133,18.30652,-64.82627,20,BDRK,No
St. Thomas/John,2023,5134,18.30763,-64.71954,40.5,BDRK,No
St. Thomas/John,2023,5135,18.30367,-65.11233,89.5,AGRF,No
St. Thomas/John,2023,5136,18.30565,-64.97256,67.5,PVMT,No
St. Thomas/John,2023,5137,18.30554,-64.96878,79.5,PVMT,No
St. Thomas/John,2023,5142,18.30734,-64.82311,17.5,AGRF,No
St. Thomas/John,2023,5143,18.30848,-64.70808,3,BDRK,No
St. Thomas/John,2023,5144,18.30856,-64.70102,21,BDRK,No
St. Thomas/John,2023,5145,18.30461,-65.13035,82.5,AGRF,No
St. Thomas/John,2023,5146,18.30794,-64.82533,36,SCR,No
St. Thomas/John,2023,5149,18.309,-64.71338,9,BDRK,No
St. Thomas/John,2023,5151,18.30918,-64.68821,62,AGRF,No
St. Thomas/John,2023,5152,18.30798,-64.85765,39.5,AGRF,No
St. Thomas/John,2023,5153,18.30812,-64.84586,34.5,AGRF,No
St. Thomas/John,2023,5154,18.30921,-64.74091,60.5,AGRF,No
St. Thomas/John,2023,5155,18.30933,-64.71898,26,AGRF,No
St. Thomas/John,2023,5156,18.30553,-65.14036,77,AGRF,No
St. Thomas/John,2023,5157,18.30547,-65.12279,88.5,AGRF,No
St. Thomas/John,2023,5159,18.30853,-64.85638,42.5,AGRF,No
St. Thomas/John,2023,5160,18.30868,-64.84687,29,PTRF,No
St. Thomas/John,2023,5161,18.30974,-64.7188,28,AGRF,No
St. Thomas/John,2023,5163,18.3102,-64.72179,27,PTRF,No
St. Thomas/John,2023,5165,18.30967,-64.85477,43.5,AGRF,No
St. Thomas/John,2023,5166,18.31044,-64.73748,68,AGRF,No
St. Thomas/John,2023,5167,18.30833,-64.99602,60,PVMT,No
St. Thomas/John,2023,5168,18.31082,-64.73977,62.5,AGRF,No
St. Thomas/John,2023,5169,18.31114,-64.71698,18.5,AGRF,No
St. Thomas/John,2023,5170,18.31129,-64.76761,22,BDRK,No
St. Thomas/John,2023,5171,18.30918,-65.00869,64.5,SCR,No
St. Thomas/John,2023,5172,18.31081,-64.85658,44,AGRF,No
St. Thomas/John,2023,5173,18.3107,-64.91572,31.5,AGRF,No
St. Thomas/John,2023,5174,18.31119,-64.85401,36,AGRF,No
St. Thomas/John,2023,5175,18.31225,-64.7565,44,AGRF,No
St. Thomas/John,2023,5177,18.31093,-64.97051,68,PVMT,No
St. Thomas/John,2023,5179,18.31205,-64.86042,28.5,PVMT,No
St. Thomas/John,2023,5180,18.31227,-64.85842,35,AGRF,No
St. Thomas/John,2023,5181,18.31246,-64.9149,29,SCR,No
St. Thomas/John,2023,5182,18.31326,-64.85521,37,AGRF,No
St. Thomas/John,2023,5183,18.31387,-64.79096,36.5,BDRK,No
St. Thomas/John,2023,5184,18.3139,-64.76489,14,AGRF,No
St. Thomas/John,2023,5185,18.31052,-65.12802,86.5,AGRF,No
St. Thomas/John,2023,5186,18.31494,-64.69924,28,AGRF,No
St. Thomas/John,2023,5188,18.31271,-64.98877,75.5,PVMT,No
St. Thomas/John,2023,5189,18.31268,-64.98608,77.5,SCR,No
St. Thomas/John,2023,5191,18.31427,-64.82553,13.5,BDRK,No
St. Thomas/John,2023,5192,18.31499,-64.74191,49,AGRF,No
St. Thomas/John,2023,5198,18.31609,-64.82568,21.5,BDRK,No
St. Thomas/John,2023,5203,18.32035,-64.69693,11,BDRK,No
St. Thomas/John,2023,5205,18.32113,-64.69702,11.5,BDRK,No
St. Thomas/John,2023,5208,18.32372,-64.65082,48,BDRK,No
St. Thomas/John,2023,5209,18.32385,-64.67883,60.5,AGRF,No
St. Thomas/John,2023,5210,18.32446,-64.6968,29,PTRF,No
St. Thomas/John,2023,5212,18.32463,-64.97295,47,AGRF,No
St. Thomas/John,2023,5213,18.32556,-64.97371,25.5,AGRF,No
St. Thomas/John,2023,5214,18.3286,-64.65056,20,AGRF,No
St. Thomas/John,2023,5215,18.32771,-64.83363,28.5,AGRF,No
St. Thomas/John,2023,5216,18.32936,-64.64972,28,AGRF,No
St. Thomas/John,2023,5217,18.32673,-64.97413,43,PVMT,No
St. Thomas/John,2023,5218,18.32868,-64.9312,8.5,BDRK,No
St. Thomas/John,2023,5219,18.33138,-64.66778,26,AGRF,No
St. Thomas/John,2023,5220,18.33126,-64.7992,10.5,BDRK,No
St. Thomas/John,2023,5221,18.33229,-64.70633,4.5,BDRK,No
St. Thomas/John,2023,5222,18.33165,-64.79965,16,BDRK,No
St. Thomas/John,2023,5223,18.33285,-64.69516,61,PTRF,No
St. Thomas/John,2023,5225,18.33321,-64.69153,40.5,AGRF,No
St. Thomas/John,2023,5226,18.33357,-64.70095,22,PTRF,No
St. Thomas/John,2023,5228,18.33362,-64.6891,62,AGRF,No
St. Thomas/John,2023,5229,18.33408,-64.70198,25,PTRF,No
St. Thomas/John,2023,5232,18.33261,-64.93866,11.5,BDRK,No
St. Thomas/John,2023,5234,18.3368,-64.6834,68.5,AGRF,No
St. Thomas/John,2023,5235,18.33706,-64.66254,20,AGRF,No
St. Thomas/John,2023,5236,18.33704,-64.70887,23.5,PTRF,No
St. Thomas/John,2023,5237,18.33716,-64.69419,68.5,SCR,No
St. Thomas/John,2023,5240,18.33597,-64.93837,4.5,BDRK,No
St. Thomas/John,2023,5241,18.3381,-64.69136,36,AGRF,No
St. Thomas/John,2023,5242,18.33827,-64.68906,35.5,AGRF,No
St. Thomas/John,2023,5243,18.33813,-64.68765,37.5,AGRF,No
St. Thomas/John,2023,5248,18.33904,-64.69104,25.5,BDRK,No
St. Thomas/John,2023,5249,18.33963,-64.67564,12.5,AGRF,No
St. Thomas/John,2023,5250,18.3396,-64.6539,82,SCR,No
St. Thomas/John,2023,5251,18.34006,-64.68524,39.5,AGRF,No
St. Thomas/John,2023,5252,18.34015,-64.68488,35.5,AGRF,No
St. Thomas/John,2023,5255,18.3393,-64.79351,5,BDRK,No
St. Thomas/John,2023,5256,18.33995,-64.8545,11,AGRF,No
St. Thomas/John,2023,5257,18.34124,-64.69447,55,PVMT,No
St. Thomas/John,2023,5258,18.34166,-64.68493,28,PVMT,No
St. Thomas/John,2023,5260,18.33764,-65.08583,62.5,PVMT,No
St. Thomas/John,2023,5261,18.34046,-64.85628,7.5,AGRF,No
St. Thomas/John,2023,5265,18.34298,-64.70135,26,SCR,No
St. Thomas/John,2023,5266,18.34004,-65.07311,37,PVMT,No
St. Thomas/John,2023,5267,18.3425,-64.82881,76,SCR,No
St. Thomas/John,2023,5268,18.34353,-64.68295,31.5,AGRF,No
St. Thomas/John,2023,5270,18.34389,-64.68377,10.5,BDRK,No
St. Thomas/John,2023,5272,18.34529,-64.66195,18.5,PVMT,No
St. Thomas/John,2023,5273,18.3446,-64.78751,3,BDRK,No
St. Thomas/John,2023,5275,18.34244,-65.0817,44,BDRK,No
St. Thomas/John,2023,5279,18.34668,-64.68631,7,BDRK,No
St. Thomas/John,2023,5280,18.34686,-64.68318,8,BDRK,No
St. Thomas/John,2023,5281,18.34429,-64.9824,16,AGRF,No
St. Thomas/John,2023,5282,18.34646,-64.7803,6,AGRF,No
St. Thomas/John,2023,5285,18.34642,-64.85848,18,BDRK,No
St. Thomas/John,2023,5287,18.34789,-64.77768,5.5,AGRF,No
St. Thomas/John,2023,5288,18.34516,-65.07233,71.5,PVMT,No
St. Thomas/John,2023,5289,18.3489,-64.69958,48.5,PTRF,No
St. Thomas/John,2023,5290,18.3485,-64.85767,57,SCR,No
St. Thomas/John,2023,5291,18.34978,-64.699,37,PTRF,No
St. Thomas/John,2023,5293,18.34634,-65.07739,56.5,PVMT,No
St. Thomas/John,2023,5295,18.35026,-64.69861,23,AGRF,No
St. Thomas/John,2023,5296,18.35014,-64.69575,32.5,PTRF,No
St. Thomas/John,2023,5297,18.35071,-64.70035,25.5,PTRF,No
St. Thomas/John,2023,5300,18.3495,-64.85273,60,PVMT,No
St. Thomas/John,2023,5303,18.35174,-64.80548,76.5,SCR,No
St. Thomas/John,2023,5304,18.35167,-64.779,12.5,BDRK,No
St. Thomas/John,2023,5307,18.35261,-64.67974,30,AGRF,No
St. Thomas/John,2023,5313,18.35333,-64.83246,53,PTRF,No
St. Thomas/John,2023,5316,18.35381,-64.85014,43.5,PVMT,No
St. Thomas/John,2023,5317,18.35429,-64.86104,77,PTRF,No
St. Thomas/John,2023,5318,18.35513,-64.80068,65.5,AGRF,No
St. Thomas/John,2023,5319,18.35501,-64.77723,35.5,AGRF,No
St. Thomas/John,2023,5320,18.35651,-64.67953,65.5,AGRF,No
St. Thomas/John,2023,5322,18.35567,-64.75739,15.5,SCR,No
St. Thomas/John,2023,5323,18.35528,-64.88859,9,AGRF,No
St. Thomas/John,2023,5324,18.35635,-64.83498,36.5,PVMT,No
St. Thomas/John,2023,5326,18.35667,-64.78755,59.5,AGRF,No
St. Thomas/John,2023,5327,18.35686,-64.76673,9,AGRF,No
St. Thomas/John,2023,5328,18.35752,-64.68367,68.5,PVMT,No
St. Thomas/John,2023,5329,18.35753,-64.67839,62.5,PTRF,No
St. Thomas/John,2023,5333,18.35717,-64.77269,36.5,AGRF,No
St. Thomas/John,2023,5334,18.35727,-64.76969,48,PTRF,No
St. Thomas/John,2023,5335,18.36078,-64.77117,19,AGRF,No
St. Thomas/John,2023,5337,18.35681,-64.875470000000007,72,PVMT,No
St. Thomas/John,2023,5339,18.35773,-64.771,43.5,AGRF,No
St. Thomas/John,2023,5342,18.35796,-64.7785,58.5,AGRF,No
St. Thomas/John,2023,5343,18.35777,-64.86513,11.5,PVMT,No
St. Thomas/John,2023,5344,18.35869,-64.75787,40.5,AGRF,No
St. Thomas/John,2023,5345,18.35884,-64.75717,34,AGRF,No
St. Thomas/John,2023,5346,18.35916,-64.79827,90.5,PVMT,No
St. Thomas/John,2023,5347,18.35964,-64.81331,40,PVMT,No
St. Thomas/John,2023,5348,18.35965,-64.80704,20,PTRF,No
St. Thomas/John,2023,5350,18.36041,-64.80001,60,PVMT,No
St. Thomas/John,2023,5351,18.36078,-64.77117,21.5,AGRF,No
St. Thomas/John,2023,5352,18.36127,-64.79881,74,PVMT,No
St. Thomas/John,2023,5353,18.36117,-64.77934,27,AGRF,No
St. Thomas/John,2023,5354,18.36158,-64.78328,62.5,AGRF,No
St. Thomas/John,2023,5355,18.36196,-64.75975,38,AGRF,No
St. Thomas/John,2023,5356,18.362,-64.75822,45.5,AGRF,No
St. Thomas/John,2023,5357,18.36068,-65.03247,39,BDRK,No
St. Thomas/John,2023,5359,18.36368,-64.72525,9,AGRF,No
St. Thomas/John,2023,5362,18.36365,-64.75501,56,PTRF,No
St. Thomas/John,2023,5363,18.36389,-64.74422,11,SCR,No
St. Thomas/John,2023,5364,18.36412,-64.78054,52,AGRF,No
St. Thomas/John,2023,5365,18.36389,-64.77501,48,AGRF,No
St. Thomas/John,2023,5366,18.364,-64.80999,37,AGRF,No
St. Thomas/John,2023,5367,18.36411,-64.80801,24.5,PVMT,No
St. Thomas/John,2023,5368,18.36434,-64.77167,57.5,AGRF,No
St. Thomas/John,2023,5369,18.36371,-64.85447,77.5,BDRK,No
St. Thomas/John,2023,5372,18.36542,-64.77598,58,AGRF,No
St. Thomas/John,2023,5373,18.36544,-64.77408,34,AGRF,No
St. Thomas/John,2023,5374,18.36341,-65.01994,50,AGRF,No
St. Thomas/John,2023,5376,18.36584,-64.77446,44.5,AGRF,No
St. Thomas/John,2023,5377,18.366,-64.75934,39,AGRF,No
St. Thomas/John,2023,5383,18.36771,-64.74871,6.5,BDRK,No
St. Thomas/John,2023,5384,18.36731,-64.80751,42.5,BDRK,No
St. Thomas/John,2023,5386,18.36834,-64.68631,59.5,SCR,No
St. Thomas/John,2023,5388,18.36738,-64.94005,26.5,AGRF,No
St. Thomas/John,2023,5389,18.37001,-64.67869,66,PTRF,No
St. Thomas/John,2023,5392,18.37093,-64.69685,64.5,SCR,No
St. Thomas/John,2023,5394,18.37101,-64.6842,53,AGRF,No
St. Thomas/John,2023,5395,18.3683,-65.03571,59,AGRF,No
St. Thomas/John,2023,5396,18.34556,-64.66159,24,AGRF,No
St. Thomas/John,2023,5398,18.36962,-65.00655,90,PVMT,No
St. Thomas/John,2023,5399,18.36999,-64.9552,12.5,AGRF,No
St. Thomas/John,2023,5401,18.37193,-64.73028,55.5,PVMT,No
St. Thomas/John,2023,5402,18.37072,-64.91977,35.5,AGRF,No
St. Thomas/John,2023,5403,18.3723,-64.75245,52.5,PVMT,No
St. Thomas/John,2023,5405,18.37095,-64.9452,8.5,BDRK,No
St. Thomas/John,2023,5408,18.37412,-64.74913,61.5,SCR,No
St. Thomas/John,2023,5410,18.37226,-64.99012,9.5,BDRK,No
St. Thomas/John,2023,5411,18.37231,-64.98458,17,BDRK,No
St. Thomas/John,2023,5412,18.37279,-64.92306,33,BDRK,No
St. Thomas/John,2023,5413,18.37471,-64.74654,64.5,PVMT,No
St. Thomas/John,2023,5414,18.37272,-64.98976,33,BDRK,No
St. Thomas/John,2023,5416,18.37557,-65.04864,74,PVMT,No
St. Thomas/John,2023,5419,18.37815,-65.06514,91.5,PVMT,No
St. Thomas/John,2023,5420,18.37882,-64.9695,11.5,AGRF,No
St. Thomas/John,2023,5422,18.37998,-64.99072,89.5,AGRF,No
St. Thomas/John,2023,5423,18.38026,-65.05774,80.5,PVMT,No
St. Thomas/John,2023,5425,18.38417,-64.90283,34.5,PVMT,No
St. Thomas/John,2023,5426,18.38383,-64.966,7.5,BDRK,No
St. Thomas/John,2023,5427,18.38607,-64.9018,36.5,AGRF,No
St. Thomas/John,2023,5428,18.38368,-65.05555,81.5,PVMT,No
St. Thomas/John,2023,5429,18.3861,-64.89269,43,PVMT,No
St. Thomas/John,2023,5431,18.38628,-64.99174,91,AGRF,No
St. Thomas/John,2023,5433,18.38705,-64.95045,84,PVMT,No
St. Thomas/John,2023,5434,18.38797,-64.90343,10.5,PVMT,No
St. Thomas/John,2023,5435,18.38828,-64.93074,65.5,PVMT,No
St. Thomas/John,2023,5436,18.3887,-64.90006,18.5,AGRF,No
St. Thomas/John,2023,5438,18.3889,-64.90293,8,AGRF,No
St. Thomas/John,2023,5439,18.3904,-64.91046,24,PVMT,No
St. Thomas/John,2023,5441,18.39042,-64.93616,60.5,PVMT,No
St. Thomas/John,2023,5442,18.39103,-64.93667,79,PVMT,No
St. Thomas/John,2023,5448,18.3984,-64.89976,12,PVMT,No
St. Thomas/John,2023,5449,18.39932,-64.91476,24,AGRF,No
St. Thomas/John,2023,5450,18.40228,-64.90345,20,AGRF,No
St. Thomas/John,2023,5451,18.40193,-64.95289,69,PVMT,No
St. Thomas/John,2023,5452,18.40192,-64.95203,70,AGRF,No
St. Thomas/John,2023,5453,18.40266,-64.89985,29.5,PVMT,No
St. Thomas/John,2023,5454,18.40322,-64.93555,64.5,PVMT,No
St. Thomas/John,2023,5455,18.40364,-64.90132,19,PVMT,No
St. Thomas/John,2023,5456,18.40231,-65.06214,63,PVMT,No
St. Thomas/John,2023,5500,18.31624,-64.82526,28.5,SCR,No
St. Thomas/John,2023,5501,18.35173,-64.77922,22,AGRF,No
St. Thomas/John,2023,5502,18.36528,-64.77411,33.5,AGRF,No
St. Thomas/John,2025,5000,18.2039,-64.72695,92.5,PVMT,Yes
St. Thomas/John,2025,5001,18.1992,-64.73347,89.5,AGRF,Yes
St. Thomas/John,2025,5002,18.23424,-64.66033,85.5,AGRF,Yes
St. Thomas/John,2025,5003,18.22714,-64.66469,77,AGRF,Yes
St. Thomas/John,2025,5004,18.26227,-64.86673,87,AGRF,Yes
St. Thomas/John,2025,5005,18.23384,-64.84694,90,AGRF,Yes
St. Thomas/John,2025,5006,18.24745,-64.82126,83.5,AGRF,Yes
St. Thomas/John,2025,5007,18.26036,-64.94032,90.5,AGRF,Yes
St. Thomas/John,2025,5008,18.25079,-64.82793,87.5,AGRF,Yes
St. Thomas/John,2025,5009,18.24965,-64.82745,90.5,AGRF,Yes
St. Thomas/John,2025,5011,18.26003,-65.00707,96.5,AGRF,Yes
St. Thomas/John,2025,5012,18.24653,-64.826,57.5,AGRF,Yes
St. Thomas/John,2025,5013,18.30704,-64.73955,68.5,AGRF,Yes
St. Thomas/John,2025,5014,18.31033,-64.73703,68.5,AGRF,Yes
St. Thomas/John,2025,5015,18.30897,-64.73651,66,AGRF,Yes
St. Thomas/John,2025,5016,18.26996,-64.72186,92,PVMT,Yes
St. Thomas/John,2025,5017,18.27153,-64.72399,96,AGRF,Yes
St. Thomas/John,2025,5018,18.26991,-64.7247,85.5,AGRF,Yes
St. Thomas/John,2025,5019,18.291,-65.1014,84.5,AGRF,Yes
St. Thomas/John,2025,5020,18.26379,-65.09643,83.5,AGRF,Yes
St. Thomas/John,2025,5021,18.31,-65.14157,75,AGRF,Yes
St. Thomas/John,2025,5022,18.26374,-65.09638,77.5,AGRF,Yes
St. Thomas/John,2025,5023,18.29694,-65.14115,77,AGRF,Yes
St. Thomas/John,2025,5024,18.28291,-65.13516,81.5,AGRF,Yes
St. Thomas/John,2025,5025,18.25035,-65.08955,87,AGRF,Yes
St. Thomas/John,2025,5026,18.31205,-65.13545,74.5,AGRF,Yes
St. Thomas/John,2025,5027,18.31048,-65.14303,76,AGRF,Yes
St. Thomas/John,2025,5028,18.2889,-65.14514,85,AGRF,Yes
St. Thomas/John,2025,5029,18.29478,-65.13875,77,AGRF,Yes
St. Thomas/John,2025,5030,18.25455,-65.1102,87.5,AGRF,Yes
St. Thomas/John,2025,5031,18.28445,-65.10045,69,AGRF,Yes
St. Thomas/John,2025,5032,18.30063,-65.11755,82,AGRF,Yes
St. Thomas/John,2025,5033,18.24645,-65.10133,92,AGRF,Yes
St. Thomas/John,2025,5034,18.25196,-65.11475,95.5,AGRF,Yes
St. Thomas/John,2025,5035,18.33239,-64.67992,54,AGRF,Yes
St. Thomas/John,2025,5036,18.32128,-64.65525,67.5,AGRF,Yes
St. Thomas/John,2025,5037,18.36214,-64.81636,74,AGRF,Yes
St. Thomas/John,2025,5038,18.32836,-64.66869,63.5,AGRF,Yes
St. Thomas/John,2025,5039,18.32374,-64.67817,56.5,AGRF,Yes
St. Thomas/John,2025,5041,18.36984,-64.67798,66,AGRF,Yes
St. Thomas/John,2025,5042,18.33952,-64.68932,39.5,AGRF,Yes
St. Thomas/John,2025,5043,18.35081,-64.70037,25,PTRF,Yes
St. Thomas/John,2025,5044,18.33366,-64.68956,31.5,AGRF,Yes
St. Thomas/John,2025,5045,18.34349,-64.68502,47,PTRF,Yes
St. Thomas/John,2025,5046,18.35718,-64.67692,63,AGRF,Yes
St. Thomas/John,2025,5047,18.34019,-64.79409,32,AGRF,Yes
St. Thomas/John,2025,5048,18.30903,-64.72331,58,PTRF,Yes
St. Thomas/John,2025,5049,18.361,-64.7588,39,AGRF,Yes
St. Thomas/John,2025,5050,18.36033,-64.76698,49,AGRF,Yes
St. Thomas/John,2025,5051,18.36347,-64.77591,50,AGRF,Yes
St. Thomas/John,2025,5052,18.30708,-64.72229,61,AGRF,Yes
St. Thomas/John,2025,5053,18.30368,-64.71139,47,AGRF,Yes
St. Thomas/John,2025,5054,18.36178,-64.75834,38.5,AGRF,Yes
St. Thomas/John,2025,5055,18.36343,-64.77623,40,AGRF,Yes
St. Thomas/John,2025,5056,18.35118,-64.78338,33,AGRF,Yes
St. Thomas/John,2025,5057,18.30306,-64.99944,39,AGRF,Yes
St. Thomas/John,2025,5059,18.27297,-64.89738,95,PVMT,Yes
St. Thomas/John,2025,5060,18.27919,-64.96104,91.5,PVMT,Yes
St. Thomas/John,2025,5061,18.31128,-64.99845,58.5,AGRF,Yes
St. Thomas/John,2025,5063,18.37272,-65.02639,80,AGRF,Yes
St. Thomas/John,2025,5064,18.32903,-64.97473,50.5,SCR,Yes
St. Thomas/John,2025,5066,18.38563,-64.9882,74,AGRF,Yes
St. Thomas/John,2025,5068,18.35746,-65.05818,81.5,PVMT,Yes
St. Thomas/John,2025,5069,18.37711,-65.05842,97,PVMT,Yes
St. Thomas/John,2025,5070,18.31154,-64.91869,41,AGRF,Yes
St. Thomas/John,2025,5072,18.2799,-64.9552,78,AGRF,Yes
St. Thomas/John,2025,5073,18.37528,-65.05315,89,PVMT,Yes
St. Thomas/John,2025,5075,18.27452,-64.88481,84.5,AGRF,Yes
St. Thomas/John,2025,5077,18.30849,-64.85628,36,AGRF,Yes
St. Thomas/John,2025,5078,18.30212,-64.83732,49,AGRF,Yes
St. Thomas/John,2025,5079,18.34915,-64.66918,7,BDRK,Yes
St. Thomas/John,2025,5080,18.33535,-64.69895,35,AGRF,Yes
St. Thomas/John,2025,5081,18.33594,-64.68291,26.5,AGRF,Yes
St. Thomas/John,2025,5082,18.33849,-64.69202,18.5,AGRF,Yes
St. Thomas/John,2025,5083,18.33867,-64.69236,24.5,AGRF,Yes
St. Thomas/John,2025,5084,18.33811,-64.69132,39,AGRF,Yes
St. Thomas/John,2025,5085,18.34758,-64.69383,22.5,AGRF,Yes
St. Thomas/John,2025,5086,18.33683,-64.68845,32,AGRF,Yes
St. Thomas/John,2025,5087,18.36002,-64.76214,28.5,AGRF,Yes
St. Thomas/John,2025,5088,18.31614,-64.7615,12,BDRK,Yes
St. Thomas/John,2025,5089,18.35686,-64.76559,10.5,AGRF,Yes
St. Thomas/John,2025,5090,18.35486,-64.78989,12.5,AGRF,Yes
St. Thomas/John,2025,5091,18.35434,-64.78935,10,AGRF,Yes
St. Thomas/John,2025,5092,18.35294,-64.68381,10,AGRF,Yes
St. Thomas/John,2025,5093,18.37074,-64.92781,7.5,AGRF,Yes
St. Thomas/John,2025,5095,18.31705,-64.94025,35,AGRF,Yes
St. Thomas/John,2025,5096,18.30061,-64.82029,23,AGRF,Yes
St. Thomas/John,2025,5097,18.39945,-64.89925,21,PVMT,Yes
St. Thomas/John,2025,5098,18.38941,-64.8987,29.5,AGRF,Yes
St. Thomas/John,2025,5099,18.30124,-64.87372,30.5,AGRF,Yes
St. Thomas/John,2025,5100,18.34362,-64.98151,17.5,SCR,Yes
St. Thomas/John,2025,5101,18.31003,-64.85759,35,AGRF,Yes
St. Thomas/John,2025,5102,18.31886,-64.83583,8.5,BDRK,Yes
St. Thomas/John,2025,5104,18.3184,-64.69213,25.5,BDRK,Yes
St. Thomas/John,2025,5105,18.33863,-64.69214,15,BDRK,Yes
St. Thomas/John,2025,5106,18.34979,-64.69195,7.5,BDRK,Yes
St. Thomas/John,2025,5108,18.30259,-64.70952,20,BDRK,Yes
St. Thomas/John,2025,5109,18.30816,-64.71534,32,BDRK,Yes
St. Thomas/John,2025,5110,18.36707,-64.9144,20,BDRK,Yes
St. Thomas/John,2025,5111,18.32559,-64.96137,23,AGRF,Yes
St. Thomas/John,2025,5113,18.37065,-64.92139,13.5,BDRK,Yes
St. Thomas/John,2025,5114,18.30571,-64.88006,10,BDRK,Yes
St. Thomas/John,2025,5115,18.36381,-65.00696,4,BDRK,Yes
St. Thomas/John,2025,5116,18.30755,-64.95966,18,BDRK,Yes
St. Thomas/John,2025,5117,18.36317,-64.89896,19.5,PVMT,Yes
St. Thomas/John,2025,5119,18.31386,-64.824,8,BDRK,Yes
St. Thomas/John,2025,5120,18.30109,-64.74026,84.5,PTRF,Yes
St. Thomas/John,2025,5121,18.29668,-64.73096,97,PTRF,Yes
St. Thomas/John,2025,5122,18.3102,-64.7358,65.5,PTRF,Yes
St. Thomas/John,2025,5123,18.30428,-64.73499,73,PTRF,Yes
St. Thomas/John,2025,5125,18.34621,-64.82536,69.5,PTRF,Yes
St. Thomas/John,2025,5126,18.35342,-64.83462,59.5,PTRF,Yes
St. Thomas/John,2025,5128,18.34911,-64.69582,39,PTRF,Yes
St. Thomas/John,2025,5129,18.34982,-64.69901,39,PTRF,Yes
St. Thomas/John,2025,5130,18.30697,-64.71069,18,BDRK,Yes
St. Thomas/John,2025,5131,18.36727,-64.77,78.5,PTRF,Yes
St. Thomas/John,2025,5132,18.31186,-64.75461,64,PTRF,Yes
St. Thomas/John,2025,5134,18.29077,-64.88221,60,PTRF,Yes
St. Thomas/John,2025,5135,18.29453,-64.81439,37,PTRF,Yes
St. Thomas/John,2025,5136,18.30784,-64.96716,44.5,PTRF,Yes
St. Thomas/John,2025,5137,18.30732,-64.84616,50,PTRF,Yes
St. Thomas/John,2025,5138,18.34508,-64.66145,22,PVMT,Yes
St. Thomas/John,2025,5139,18.33455,-64.70409,30,PTRF,Yes
St. Thomas/John,2025,5140,18.33881,-64.66203,21.5,PTRF,Yes
St. Thomas/John,2025,5141,18.34985,-64.69671,37.5,PTRF,Yes
St. Thomas/John,2025,5142,18.34993,-64.69575,29,PTRF,Yes
St. Thomas/John,2025,5143,18.35197,-64.69164,5,BDRK,Yes
St. Thomas/John,2025,5144,18.36209,-64.69298,11,AGRF,Yes
St. Thomas/John,2025,5145,18.36482,-64.72808,6.5,PTRF,Yes
St. Thomas/John,2025,5146,18.31409,-64.72196,19,PTRF,Yes
St. Thomas/John,2025,5147,18.3196,-64.83601,13.5,PTRF,Yes
St. Thomas/John,2025,5149,18.27161,-64.85273,73.5,AGRF,Yes
St. Thomas/John,2025,5150,18.27998,-64.83525,66.5,AGRF,Yes
St. Thomas/John,2025,5151,18.27985,-64.83968,67,AGRF,Yes
St. Thomas/John,2025,5152,18.30974,-64.7385,52.5,AGRF,Yes
St. Thomas/John,2025,5154,18.2757,-64.74549,95,AGRF,Yes
St. Thomas/John,2025,5155,18.28253,-64.69229,71.5,AGRF,Yes
St. Thomas/John,2025,5156,18.27053,-64.71835,91.5,AGRF,Yes
St. Thomas/John,2025,5157,18.36325,-64.79473,90,PVMT,Yes
St. Thomas/John,2025,5158,18.36922,-64.79808,63.5,BDRK,Yes
St. Thomas/John,2025,5160,18.30753,-64.68793,47,AGRF,Yes
St. Thomas/John,2025,5161,18.34795,-64.80969,64,PTRF,Yes
St. Thomas/John,2025,5163,18.36029,-64.83368,43.5,PVMT,Yes
St. Thomas/John,2025,5165,18.34332,-64.65891,80.5,SCR,Yes
St. Thomas/John,2025,5166,18.37086,-64.68392,62.5,PVMT,Yes
St. Thomas/John,2025,5167,18.36742,-64.69528,62.5,SCR,Yes
St. Thomas/John,2025,5168,18.36638,-64.68829,70,PVMT,Yes
St. Thomas/John,2025,5169,18.37177,-64.70293,91.5,SCR,Yes
St. Thomas/John,2025,5170,18.34624,-64.79223,46,AGRF,Yes
St. Thomas/John,2025,5171,18.37652,-64.74205,79.5,PVMT,Yes
St. Thomas/John,2025,5173,18.34467,-64.79648,70.5,PTRF,Yes
St. Thomas/John,2025,5174,18.37391,-64.7473,48.5,PVMT,Yes
St. Thomas/John,2025,5175,18.35807,-64.68511,51,AGRF,Yes
St. Thomas/John,2025,5176,18.36472,-64.69571,62.5,PVMT,Yes
St. Thomas/John,2025,5177,18.35513,-64.79584,38.5,PVMT,Yes
St. Thomas/John,2025,5178,18.37374,-64.74914,48,AGRF,Yes
St. Thomas/John,2025,5179,18.36577,-64.88743,90,PVMT,Yes
St. Thomas/John,2025,5181,18.3996,-64.91764,72,AGRF,Yes
St. Thomas/John,2025,5182,18.3012,-65.009,40,AGRF,Yes
St. Thomas/John,2025,5185,18.3479,-64.84945,65.5,PTRF,Yes
St. Thomas/John,2025,5188,18.40129,-65.06234,74,PVMT,Yes
St. Thomas/John,2025,5189,18.38557,-64.89438,64,PVMT,Yes
St. Thomas/John,2025,5190,18.29697,-64.88362,46,PVMT,Yes
St. Thomas/John,2025,5191,18.3336,-64.84543,52,SCR,Yes
St. Thomas/John,2025,5192,18.2967,-64.8197,54.5,PVMT,Yes
St. Thomas/John,2025,5193,18.40503,-64.93535,93.5,PVMT,Yes
St. Thomas/John,2025,5194,18.34377,-65.05001,85,PVMT,Yes
St. Thomas/John,2025,5196,18.37672,-65.06055,76.5,PVMT,Yes
St. Thomas/John,2025,5197,18.37544,-64.98238,34.5,AGRF,Yes
St. Thomas/John,2025,5199,18.40011,-65.06191,85,PVMT,Yes
St. Thomas/John,2025,5200,18.41388,-64.90463,50.5,PVMT,Yes
St. Thomas/John,2025,5202,18.3677,-65.00123,43,AGRF,Yes
St. Thomas/John,2025,5203,18.36518,-65.01963,42.5,AGRF,Yes
St. Thomas/John,2025,5204,18.32154,-64.83044,68,PVMT,Yes
St. Thomas/John,2025,5205,18.30402,-64.84854,44,AGRF,Yes
St. Thomas/John,2025,5206,18.36601,-64.80326,19.5,SCR,Yes
St. Thomas/John,2025,5207,18.36324,-64.80938,19.5,PVMT,Yes
St. Thomas/John,2025,5208,18.33291,-64.6667,36.5,AGRF,Yes
St. Thomas/John,2025,5209,18.33774,-64.68986,33,SCR,Yes
St. Thomas/John,2025,5210,18.34625,-64.68349,17,AGRF,Yes
St. Thomas/John,2025,5211,18.31765,-64.75414,6.5,BDRK,Yes
St. Thomas/John,2025,5212,18.35982,-64.76969,25.5,AGRF,Yes
St. Thomas/John,2025,5213,18.31445,-64.76024,32,AGRF,Yes
St. Thomas/John,2025,5214,18.35117,-64.79375,24.5,SCR,Yes
St. Thomas/John,2025,5215,18.36042,-64.77591,19.5,AGRF,Yes
St. Thomas/John,2025,5216,18.36196,-64.76041,31.5,AGRF,Yes
St. Thomas/John,2025,5217,18.34203,-64.85613,28,SCR,Yes
St. Thomas/John,2025,5218,18.31429,-64.91403,18.5,PVMT,Yes
St. Thomas/John,2025,5219,18.29901,-64.81769,24.5,AGRF,Yes
St. Thomas/John,2025,5220,18.37647,-64.97804,34,AGRF,Yes
St. Thomas/John,2025,5221,18.2962,-64.81383,23,AGRF,Yes
St. Thomas/John,2025,5222,18.36565,-64.93812,13,AGRF,Yes
St. Thomas/John,2025,5223,18.40747,-64.90312,9.5,AGRF,Yes
St. Thomas/John,2025,5224,18.31476,-64.82448,24.5,PVMT,Yes
St. Thomas/John,2025,5225,18.30497,-64.84539,36,AGRF,Yes
St. Thomas/John,2025,5228,18.29657,-64.7067,89,SCR,Yes
St. Thomas/John,2025,5230,18.3284,-64.65204,43,SCR,Yes
St. Thomas/John,2025,5231,18.35524,-64.66954,66,AGRF,Yes
St. Thomas/John,2025,5232,18.31895,-64.68437,69,AGRF,Yes
St. Thomas/John,2025,5233,18.31929,-64.63785,81.5,PTRF,Yes
St. Thomas/John,2025,5234,18.33444,-64.69326,56,AGRF,Yes
St. Thomas/John,2025,5235,18.3055,-64.71104,39,SCR,Yes
St. Thomas/John,2025,5237,18.36152,-65.03089,67,SCR,Yes
St. Thomas/John,2025,5239,18.30021,-64.83426,54.5,SCR,Yes
St. Thomas/John,2025,5240,18.33132,-64.69788,26.5,AGRF,Yes
St. Thomas/John,2025,5241,18.33941,-64.70667,21.5,PTRF,Yes
St. Thomas/John,2025,5242,18.35406,-64.69508,2.5,BDRK,Yes
St. Thomas/John,2025,5243,18.34419,-64.69381,9,BDRK,Yes
St. Thomas/John,2025,5244,18.35588,-64.68587,21,SCR,Yes
St. Thomas/John,2025,5245,18.34734,-64.78279,10,SCR,Yes
St. Thomas/John,2025,5246,18.36296,-64.93337,17.5,PVMT,Yes
St. Thomas/John,2025,5248,18.30843,-64.82489,36.5,SCR,Yes
St. Thomas/John,2025,5249,18.3101,-64.82545,25,PVMT,Yes
St. Thomas/John,2025,5251,18.1783,-64.88662,96.5,PVMT,Yes
St. Thomas/John,2025,5259,18.23888,-64.85188,81.5,AGRF,Yes
St. Thomas/John,2025,5285,18.31491,-64.65851,83.5,AGRF,Yes
St. Thomas/John,2025,5286,18.36336,-64.64008,41,AGRF,Yes
St. Thomas/John,2025,5287,18.32261,-64.65479,70,AGRF,Yes
St. Thomas/John,2025,5288,18.31365,-64.68822,65,AGRF,Yes
St. Thomas/John,2025,5295,18.34112,-64.69422,32.5,AGRF,Yes
St. Thomas/John,2025,5298,18.35787,-64.77048,53,AGRF,Yes
St. Thomas/John,2025,5299,18.36215,-64.78229,50.5,AGRF,Yes
St. Thomas/John,2025,5300,18.36017,-64.76783,47,AGRF,Yes
St. Thomas/John,2025,5302,18.36336,-64.75481,34.5,AGRF,Yes
St. Thomas/John,2025,5304,18.36041,-64.7816,49.5,AGRF,Yes
St. Thomas/John,2025,5306,18.36111,-64.78217,49.5,AGRF,Yes
St. Thomas/John,2025,5307,18.30171,-64.81914,39.5,PVMT,Yes
St. Thomas/John,2025,5310,18.30045,-64.87476,50.5,AGRF,Yes
St. Thomas/John,2025,5316,18.38351,-64.98893,56.5,AGRF,Yes
St. Thomas/John,2025,5317,18.36287,-65.0176,43.5,AGRF,Yes
St. Thomas/John,2025,5321,18.32576,-64.97438,38.5,AGRF,Yes
St. Thomas/John,2025,5322,18.30147,-64.87362,31,AGRF,Yes
St. Thomas/John,2025,5323,18.3681,-65.0433,73,AGRF,Yes
St. Thomas/John,2025,5324,18.35633,-65.04745,44,AGRF,Yes
St. Thomas/John,2025,5325,18.35761,-65.05302,60.5,PVMT,Yes
St. Thomas/John,2025,5326,18.3249,-64.97308,40,AGRF,Yes
St. Thomas/John,2025,5337,18.31593,-64.756,11.5,AGRF,Yes
St. Thomas/John,2025,5338,18.35499,-64.76737,6,BDRK,Yes
St. Thomas/John,2025,5340,18.36053,-64.75935,30.5,AGRF,Yes
St. Thomas/John,2025,5343,18.3128,-64.9144,25.5,PVMT,Yes
St. Thomas/John,2025,5344,18.34871,-64.99665,14.5,SCR,Yes
St. Thomas/John,2025,5347,18.30805,-64.90542,30,PVMT,Yes
St. Thomas/John,2025,5350,18.3451,-65.00329,30,AGRF,Yes
St. Thomas/John,2025,5353,18.34238,-64.81724,24.5,BDRK,Yes
St. Thomas/John,2025,5359,18.30238,-64.70358,12,BDRK,Yes
St. Thomas/John,2025,5361,18.3611,-65.04594,32.5,BDRK,Yes
St. Thomas/John,2025,5362,18.31704,-64.99101,27.5,AGRF,Yes
St. Thomas/John,2025,5364,18.3199,-64.94484,5.5,BDRK,Yes
St. Thomas/John,2025,5365,18.33526,-65.08068,24,BDRK,Yes
St. Thomas/John,2025,5366,18.34193,-65.02901,37,BDRK,Yes
St. Thomas/John,2025,5367,18.32662,-64.83969,9.5,PVMT,Yes
St. Thomas/John,2025,5369,18.31341,-64.82352,3,BDRK,Yes
St. Thomas/John,2025,5383,18.36732,-64.77202,67,PTRF,Yes
St. Thomas/John,2025,5399,18.27477,-64.85121,83.5,AGRF,Yes
St. Thomas/John,2025,5401,18.27311,-64.83986,94.5,PVMT,Yes
St. Thomas/John,2025,5403,18.28159,-64.70115,75.5,AGRF,Yes
St. Thomas/John,2025,5407,18.35601,-64.8162,61.5,AGRF,Yes
St. Thomas/John,2025,5409,18.34611,-64.81629,61.5,SCR,Yes
St. Thomas/John,2025,5413,18.36801,-64.7963,73,PVMT,Yes
St. Thomas/John,2025,5422,18.31639,-64.74174,32.5,AGRF,Yes
St. Thomas/John,2025,5424,18.36228,-64.76964,49.5,AGRF,Yes
St. Thomas/John,2025,5431,18.37724,-65.05971,75,SCR,Yes
St. Thomas/John,2025,5435,18.36593,-65.031,54,PVMT,Yes
St. Thomas/John,2025,5439,18.37524,-64.95535,38,AGRF,Yes
St. Thomas/John,2025,5440,18.36333,-64.87426,59.5,AGRF,Yes
St. Thomas/John,2025,5443,18.29778,-64.88729,47,AGRF,Yes
St. Thomas/John,2025,5457,18.31832,-64.68751,35,AGRF,Yes
St. Thomas/John,2025,5462,18.36059,-64.77975,43,AGRF,Yes
St. Thomas/John,2025,5463,18.32052,-64.74614,8.5,AGRF,Yes
St. Thomas/John,2025,5464,18.35893,-64.77725,30.5,AGRF,Yes
St. Thomas/John,2025,5465,18.35849,-64.76874,24,AGRF,Yes
St. Thomas/John,2025,5466,18.36927,-64.75888,9.5,BDRK,Yes
St. Thomas/John,2025,5471,18.33547,-65.08154,25,BDRK,Yes
St. Thomas/John,2025,5472,18.33572,-65.08202,21.5,BDRK,Yes
St. Thomas/John,2025,5485,18.30493,-64.71228,53,AGRF,Yes
St. Thomas/John,2025,5600,18.30237,-64.83754,46.5,AGRF,Yes
St. Thomas/John,2025,5601,18.3106,-64.84387,38,AGRF,Yes
St. Thomas/John,2025,5602,18.3122,-64.85632,36.5,AGRF,Yes
St. Thomas/John,2025,5603,18.30281,-64.84563,52,AGRF,Yes
St. Thomas/John,2025,5604,18.31163,-64.85676,41,AGRF,Yes
St. Thomas/John,2025,5605,18.30279,-64.84664,50.5,AGRF,Yes
St. Thomas/John,2025,5606,18.32086,-64.83695,38,PTRF,Yes
St. Thomas/John,2025,5607,18.30771,-64.85615,41.5,AGRF,Yes
St. Thomas/John,2025,5608,18.30755,-64.86092,41,AGRF,Yes
St. Thomas/John,2025,5609,18.31871,-64.83616,8.5,AGRF,Yes
St. Thomas/John,2025,5610,18.30553,-64.86581,9,BDRK,Yes
St. Thomas/John,2025,5611,18.31074,-64.85805,35,AGRF,Yes
St. Thomas/John,2025,5612,18.30731,-64.84952,33,AGRF,Yes
St. Thomas/John,2025,5613,18.30878,-64.83482,36,AGRF,Yes
St. Thomas/John,2025,5614,18.30194,-64.87743,15.5,BDRK,Yes
St. Thomas/John,2025,5615,18.30382,-64.84769,25,BDRK,Yes
St. Thomas/John,2025,5616,18.31515,-64.83687,23.5,BDRK,Yes
St. Thomas/John,2025,5617,18.31363,-64.86064,6.5,BDRK,Yes
St. Thomas/John,2025,5618,18.30746,-64.8324,9,BDRK,Yes
St. Thomas/John,2025,5619,18.30643,-64.84827,47.5,PTRF,Yes
St. Thomas/John,2025,5620,18.30158,-64.8361,41.5,PTRF,Yes
St. Thomas/John,2025,5621,18.3017,-64.83123,31,PTRF,Yes
St. Thomas/John,2025,5622,18.31692,-64.8317,31.5,PTRF,Yes
St. Thomas/John,2025,5623,18.32175,-64.84169,11.5,SCR,Yes
St. Thomas/John,2025,5624,18.30509,-64.84769,44.5,AGRF,Yes
St. Thomas/John,2025,5625,18.31961,-64.83232,66.5,PVMT,Yes
St. Thomas/John,2025,5626,18.32149,-64.83143,65.5,PVMT,Yes
St. Thomas/John,2025,5627,18.30958,-64.84427,38,AGRF,Yes
St. Thomas/John,2025,5628,18.3208,-64.83132,69,PVMT,Yes
St. Thomas/John,2025,5629,18.30372,-64.8447,42,AGRF,Yes
St. Thomas/John,2025,5630,18.31194,-64.83107,6.5,BDRK,Yes
St. Thomas/John,2025,5631,18.31172,-64.85853,32.5,PVMT,Yes
St. Thomas/John,2025,5632,18.30913,-64.8259,31,PVMT,Yes
St. Thomas/John,2025,5633,18.3144,-64.84354,10,AGRF,Yes
St. Thomas/John,2025,5634,18.30955,-64.84141,45,PTRF,Yes
St. Thomas/John,2025,5635,18.30244,-64.8371,45,PTRF,Yes
St. Thomas/John,2025,5636,18.30733,-64.8262,25,AGRF,Yes
St. Thomas/John,2025,5637,18.31206,-64.86041,29.5,PVMT,Yes
St. Thomas/John,2025,5638,18.31544,-64.85096,18.5,BDRK,Yes
St. Thomas/John,2025,5639,18.31323,-64.83174,12,BDRK,Yes
St. Thomas/John,2025,5641,18.30237,-64.84478,58,AGRF,Yes
St. Thomas/John,2025,5647,18.30874,-64.84605,39,AGRF,Yes
St. Thomas/John,2025,5650,18.30066,-64.83524,52.5,AGRF,Yes
St. Thomas/John,2025,5651,18.32237,-64.83305,55,SCR,Yes
St. Thomas/John,2025,5654,18.30243,-64.84376,49.5,AGRF,Yes
St. Thomas/John,2025,5668,18.32117,-64.84156,7,PTRF,No
St. Thomas/John,2025,5672,18.30922,-64.83275,8.5,PVMT,Yes
St. Thomas/John,2025,5677,18.32299,-64.83352,13.5,AGRF,Yes
St. Thomas/John,2025,5681,18.3033,-64.84665,40,AGRF,Yes
St. Thomas/John,2025,5683,18.31241,-64.84296,24,BDRK,Yes
St. Thomas/John,2025,5686,18.32103,-64.84122,10,SCR,Yes
St. Thomas/John,2025,5687,18.30864,-64.84658,34,AGRF,Yes
St. Thomas/John,2025,5688,18.30322,-64.84711,39.5,AGRF,Yes
St. Thomas/John,2025,5690,18.29987,-64.83315,45.5,AGRF,Yes
St. Thomas/John,2025,5691,18.30653,-64.8608,39,AGRF,Yes
St. Thomas/John,2025,5694,18.301,-64.83566,49.5,AGRF,Yes
St. Thomas/John,2025,5697,18.29975,-64.83377,46,AGRF,Yes
St. Thomas/John,2025,5698,18.30625,-64.85661,46.5,AGRF,Yes
St. Thomas/John,2025,5704,18.31454,-64.8534,27,AGRF,Yes
St. Thomas/John,2025,5709,18.30652,-64.82538,36.5,AGRF,Yes
St. Thomas/John,2025,5718,18.31065,-64.8329,24.5,SCR,Yes
St. Thomas/John,2025,5900,18.31639,-64.76189,13,AGRF,Yes
St. Thomas/John,2025,5901,18.30777,-64.96725,46,PTRF,Yes
St. Thomas/John,2025,5902,18.31444,-64.76022,29,AGRF,Yes
St. Thomas/John,2025,5903,18.30094,-64.87449,40.5,AGRF,Yes
Flower Garden Banks,2026,7001,27.87279,-93.82218,93.5,HR,Yes
Flower Garden Banks,2026,7002,27.87325,-93.82192,84.5,HR,Yes
Flower Garden Banks,2026,7004,27.87416,-93.82167,84.5,HR,Yes
Flower Garden Banks,2026,7005,27.87372,-93.82183,81.5,HR,Yes
Flower Garden Banks,2026,7007,27.8736,-93.82115,77.5,HR,Yes
Flower Garden Banks,2026,7008,27.87352,-93.82078,78,HR,Yes
Flower Garden Banks,2026,7009,27.87325,-93.81977,90,HR,Yes
Flower Garden Banks,2026,7010,27.87409,-93.81835,76.5,HR,Yes
Flower Garden Banks,2026,7011,27.87392,-93.81843,88.5,HR,Yes
Flower Garden Banks,2026,7012,27.87418,-93.81696,71,HR,Yes
Flower Garden Banks,2026,7013,27.87501,-93.81665,68.5,HR,Yes
Flower Garden Banks,2026,7014,27.87487,-93.81653,67.5,HR,Yes
Flower Garden Banks,2026,7015,27.87508,-93.81613,67,HR,Yes
Flower Garden Banks,2026,7016,27.87348,-93.81639,90,HR,No
Flower Garden Banks,2026,7017,27.87614,-93.81553,76,HR,Yes
Flower Garden Banks,2026,7019,27.87574,-93.81539,68.5,HR,Yes
Flower Garden Banks,2026,7020,27.87427,-93.81499,75,HR,Yes
Flower Garden Banks,2026,7021,27.87508,-93.81568,79,HR,Yes
Flower Garden Banks,2026,7022,27.87452,-93.81453,76.5,HR,Yes
Flower Garden Banks,2026,7023,27.87349,-93.81487,80,HR,Yes
Flower Garden Banks,2026,7024,27.8744,-93.81437,75,HR,Yes
Flower Garden Banks,2026,7025,27.87334,-93.81416,72.5,HR,Yes
Flower Garden Banks,2026,7027,27.87452,-93.81304,71.5,HR,Yes
Flower Garden Banks,2026,7028,27.87405,-93.81307,77,HR,Yes
Flower Garden Banks,2026,7029,27.87395,-93.81335,79.5,HR,Yes
Flower Garden Banks,2026,7030,27.91838,-93.60288,87,HR,Yes
Flower Garden Banks,2026,7031,27.91007,-93.60244,86.5,HR,Yes
Flower Garden Banks,2026,7033,27.91902,-93.60214,90,HR,Yes
Flower Garden Banks,2026,7034,27.90984,-93.60182,82.5,HR,Yes
Flower Garden Banks,2026,7035,27.91047,-93.60152,77.5,HR,Yes
Flower Garden Banks,2026,7037,27.90966,-93.60151,71.5,HR,Yes
Flower Garden Banks,2026,7038,27.90779,-93.60162,74.5,HR,Yes
Flower Garden Banks,2026,7039,27.91123,-93.60089,81.5,HR,Yes
Flower Garden Banks,2026,7040,27.90997,-93.6008,70,HR,Yes
Flower Garden Banks,2026,7041,27.91194,-93.60018,77,HR,Yes
Flower Garden Banks,2026,7042,27.91153,-93.60065,79.5,HR,Yes
Flower Garden Banks,2026,7043,27.90832,-93.60034,69.5,HR,Yes
Flower Garden Banks,2026,7044,27.90791,-93.60046,70,HR,Yes
Flower Garden Banks,2026,7045,27.91113,-93.60008,69.5,HR,Yes
Flower Garden Banks,2026,7046,27.9075,-93.59996,66,HR,Yes
Flower Garden Banks,2026,7047,27.90599,-93.5999,87.5,HR,Yes
Flower Garden Banks,2026,7048,27.9052,-93.59975,82,HR,Yes
Flower Garden Banks,2026,7049,27.90651,-93.59929,74.5,HR,Yes
Flower Garden Banks,2026,7050,27.90561,-93.59924,79,HR,Yes
Flower Garden Banks,2026,7051,27.91248,-93.59893,78,HR,Yes
Flower Garden Banks,2026,7052,27.90509,-93.59907,79,HR,Yes
Flower Garden Banks,2026,7053,27.90402,-93.59882,99,HR,Yes
Flower Garden Banks,2026,7054,27.91239,-93.59832,92,HR,Yes
Flower Garden Banks,2026,7055,27.90732,-93.59765,63,HR,Yes
Flower Garden Banks,2026,7056,27.91107,-93.59765,69,HR,Yes
Flower Garden Banks,2026,7057,27.90666,-93.59727,86.3,HR,Yes
Flower Garden Banks,2026,7058,27.90524,-93.59722,89,HR,Yes
Flower Garden Banks,2026,7059,27.90786,-93.59697,71,HR,Yes
Flower Garden Banks,2026,7064,27.87427,-93.81961,78,HR,Yes
Flower Garden Banks,2026,7065,27.87441,-93.81916,74,HR,Yes
Flower Garden Banks,2026,7076,27.8748,-93.81549,65,HR,Yes
Flower Garden Banks,2026,7080,27.87349,-93.81538,88.5,HR,Yes
Flower Garden Banks,2026,7089,27.8733,-93.81202,88,HR,Yes
Flower Garden Banks,2026,7104,27.91027,-93.60006,64.5,HR,Yes
Flower Garden Banks,2026,7107,27.90973,-93.59909,63.5,HR,Yes
Flower Garden Banks,2026,7110,27.90832,-93.59846,65.5,HR,Yes
